family,sample,zip_path,total_calls,total_runtime_sec,png_path
AgentTesla,1,/home/jabir/Project/Preprocessing/Malware Reports/AgentTesla/1.zip,24804,93.48387503623962,dataset_api_call_sequences/AgentTesla/AgentTesla_1_APIxTIME_16x16.png
AgentTesla,10,/home/jabir/Project/Preprocessing/Malware Reports/AgentTesla/10.zip,12452,22.03981304168701,dataset_api_call_sequences/AgentTesla/AgentTesla_10_APIxTIME_16x16.png
AgentTesla,100,/home/jabir/Project/Preprocessing/Malware Reports/AgentTesla/100.zip,23917,21580.34062409401,dataset_api_call_sequences/AgentTesla/AgentTesla_100_APIxTIME_16x16.png
AgentTesla,101,/home/jabir/Project/Preprocessing/Malware Reports/AgentTesla/101.zip,23916,21577.93575000763,dataset_api_call_sequences/AgentTesla/AgentTesla_101_APIxTIME_16x16.png
AgentTesla,102,/home/jabir/Project/Preprocessing/Malware Reports/AgentTesla/102.zip,8088,22.907000064849854,dataset_api_call_sequences/AgentTesla/AgentTesla_102_APIxTIME_16x16.png
AgentTesla,103,/home/jabir/Project/Preprocessing/Malware Reports/AgentTesla/103.zip,33398,100.73487496376038,dataset_api_call_sequences/AgentTesla/AgentTesla_103_APIxTIME_16x16.png
AgentTesla,104,/home/jabir/Project/Preprocessing/Malware Reports/AgentTesla/104.zip,7641,20.515000104904175,dataset_api_call_sequences/AgentTesla/AgentTesla_104_APIxTIME_16x16.png
AgentTesla,105,/home/jabir/Project/Preprocessing/Malware Reports/AgentTesla/105.zip,7510,5.858999967575073,dataset_api_call_sequences/AgentTesla/AgentTesla_105_APIxTIME_16x16.png
AgentTesla,106,/home/jabir/Project/Preprocessing/Malware Reports/AgentTesla/106.zip,23971,104.18812489509583,dataset_api_call_sequences/AgentTesla/AgentTesla_106_APIxTIME_16x16.png
AgentTesla,107,/home/jabir/Project/Preprocessing/Malware Reports/AgentTesla/107.zip,33266,98.04712510108948,dataset_api_call_sequences/AgentTesla/AgentTesla_107_APIxTIME_16x16.png
AgentTesla,108,/home/jabir/Project/Preprocessing/Malware Reports/AgentTesla/108.zip,7155,82.65637493133545,dataset_api_call_sequences/AgentTesla/AgentTesla_108_APIxTIME_16x16.png
AgentTesla,109,/home/jabir/Project/Preprocessing/Malware Reports/AgentTesla/109.zip,29928,117.98574995994568,dataset_api_call_sequences/AgentTesla/AgentTesla_109_APIxTIME_16x16.png
AgentTesla,11,/home/jabir/Project/Preprocessing/Malware Reports/AgentTesla/11.zip,16539,67.18700003623962,dataset_api_call_sequences/AgentTesla/AgentTesla_11_APIxTIME_16x16.png
AgentTesla,12,/home/jabir/Project/Preprocessing/Malware Reports/AgentTesla/12.zip,16665,67.20300006866455,dataset_api_call_sequences/AgentTesla/AgentTesla_12_APIxTIME_16x16.png
AgentTesla,13,/home/jabir/Project/Preprocessing/Malware Reports/AgentTesla/13.zip,16534,67.10899996757507,dataset_api_call_sequences/AgentTesla/AgentTesla_13_APIxTIME_16x16.png
AgentTesla,14,/home/jabir/Project/Preprocessing/Malware Reports/AgentTesla/14.zip,16426,67.34299993515015,dataset_api_call_sequences/AgentTesla/AgentTesla_14_APIxTIME_16x16.png
AgentTesla,15,/home/jabir/Project/Preprocessing/Malware Reports/AgentTesla/15.zip,8710,73.15574979782104,dataset_api_call_sequences/AgentTesla/AgentTesla_15_APIxTIME_16x16.png
AgentTesla,17,/home/jabir/Project/Preprocessing/Malware Reports/AgentTesla/17.zip,16747,67.18700003623962,dataset_api_call_sequences/AgentTesla/AgentTesla_17_APIxTIME_16x16.png
AgentTesla,18,/home/jabir/Project/Preprocessing/Malware Reports/AgentTesla/18.zip,2221,25.813250064849854,dataset_api_call_sequences/AgentTesla/AgentTesla_18_APIxTIME_16x16.png
AgentTesla,2,/home/jabir/Project/Preprocessing/Malware Reports/AgentTesla/2.zip,7335,73.15612483024597,dataset_api_call_sequences/AgentTesla/AgentTesla_2_APIxTIME_16x16.png
AgentTesla,20,/home/jabir/Project/Preprocessing/Malware Reports/AgentTesla/20.zip,6864,82.04649996757507,dataset_api_call_sequences/AgentTesla/AgentTesla_20_APIxTIME_16x16.png
AgentTesla,22,/home/jabir/Project/Preprocessing/Malware Reports/AgentTesla/22.zip,6913,76.42224979400635,dataset_api_call_sequences/AgentTesla/AgentTesla_22_APIxTIME_16x16.png
AgentTesla,24,/home/jabir/Project/Preprocessing/Malware Reports/AgentTesla/24.zip,6916,78.171875,dataset_api_call_sequences/AgentTesla/AgentTesla_24_APIxTIME_16x16.png
AgentTesla,26,/home/jabir/Project/Preprocessing/Malware Reports/AgentTesla/26.zip,14306,67.2189998626709,dataset_api_call_sequences/AgentTesla/AgentTesla_26_APIxTIME_16x16.png
AgentTesla,28,/home/jabir/Project/Preprocessing/Malware Reports/AgentTesla/28.zip,4587,84.07849979400635,dataset_api_call_sequences/AgentTesla/AgentTesla_28_APIxTIME_16x16.png
AgentTesla,3,/home/jabir/Project/Preprocessing/Malware Reports/AgentTesla/3.zip,6807,73.3585000038147,dataset_api_call_sequences/AgentTesla/AgentTesla_3_APIxTIME_16x16.png
AgentTesla,30,/home/jabir/Project/Preprocessing/Malware Reports/AgentTesla/30.zip,6906,122.63987493515015,dataset_api_call_sequences/AgentTesla/AgentTesla_30_APIxTIME_16x16.png
AgentTesla,32,/home/jabir/Project/Preprocessing/Malware Reports/AgentTesla/32.zip,428,9.531000137329102,dataset_api_call_sequences/AgentTesla/AgentTesla_32_APIxTIME_16x16.png
AgentTesla,33,/home/jabir/Project/Preprocessing/Malware Reports/AgentTesla/33.zip,5218,512.7468540668488,dataset_api_call_sequences/AgentTesla/AgentTesla_33_APIxTIME_16x16.png
AgentTesla,34,/home/jabir/Project/Preprocessing/Malware Reports/AgentTesla/34.zip,5491,557.7147290706635,dataset_api_call_sequences/AgentTesla/AgentTesla_34_APIxTIME_16x16.png
AgentTesla,35,/home/jabir/Project/Preprocessing/Malware Reports/AgentTesla/35.zip,5462,483.6062288284302,dataset_api_call_sequences/AgentTesla/AgentTesla_35_APIxTIME_16x16.png
AgentTesla,36,/home/jabir/Project/Preprocessing/Malware Reports/AgentTesla/36.zip,5419,510.3563539981842,dataset_api_call_sequences/AgentTesla/AgentTesla_36_APIxTIME_16x16.png
AgentTesla,368,/home/jabir/Project/Preprocessing/Malware Reports/AgentTesla/368.zip,342,2.6095001697540283,dataset_api_call_sequences/AgentTesla/AgentTesla_368_APIxTIME_16x16.png
AgentTesla,369,/home/jabir/Project/Preprocessing/Malware Reports/AgentTesla/369.zip,109152,67.5310001373291,dataset_api_call_sequences/AgentTesla/AgentTesla_369_APIxTIME_16x16.png
AgentTesla,370,/home/jabir/Project/Preprocessing/Malware Reports/AgentTesla/370.zip,56802,67.79699993133545,dataset_api_call_sequences/AgentTesla/AgentTesla_370_APIxTIME_16x16.png
AgentTesla,371,/home/jabir/Project/Preprocessing/Malware Reports/AgentTesla/371.zip,56001,67.7649998664856,dataset_api_call_sequences/AgentTesla/AgentTesla_371_APIxTIME_16x16.png
AgentTesla,38,/home/jabir/Project/Preprocessing/Malware Reports/AgentTesla/38.zip,6914,123.34387493133545,dataset_api_call_sequences/AgentTesla/AgentTesla_38_APIxTIME_16x16.png
AgentTesla,39,/home/jabir/Project/Preprocessing/Malware Reports/AgentTesla/39.zip,10663,39.6560001373291,dataset_api_call_sequences/AgentTesla/AgentTesla_39_APIxTIME_16x16.png
AgentTesla,4,/home/jabir/Project/Preprocessing/Malware Reports/AgentTesla/4.zip,8537,73.21875,dataset_api_call_sequences/AgentTesla/AgentTesla_4_APIxTIME_16x16.png
AgentTesla,40,/home/jabir/Project/Preprocessing/Malware Reports/AgentTesla/40.zip,5474,555.7161059379578,dataset_api_call_sequences/AgentTesla/AgentTesla_40_APIxTIME_16x16.png
AgentTesla,41,/home/jabir/Project/Preprocessing/Malware Reports/AgentTesla/41.zip,18267,136.45300006866455,dataset_api_call_sequences/AgentTesla/AgentTesla_41_APIxTIME_16x16.png
AgentTesla,42,/home/jabir/Project/Preprocessing/Malware Reports/AgentTesla/42.zip,1709,13.937999963760376,dataset_api_call_sequences/AgentTesla/AgentTesla_42_APIxTIME_16x16.png
AgentTesla,44,/home/jabir/Project/Preprocessing/Malware Reports/AgentTesla/44.zip,6582,111.43775010108948,dataset_api_call_sequences/AgentTesla/AgentTesla_44_APIxTIME_16x16.png
AgentTesla,45,/home/jabir/Project/Preprocessing/Malware Reports/AgentTesla/45.zip,5377,557.52885389328,dataset_api_call_sequences/AgentTesla/AgentTesla_45_APIxTIME_16x16.png
AgentTesla,46,/home/jabir/Project/Preprocessing/Malware Reports/AgentTesla/46.zip,4490,126.68687510490417,dataset_api_call_sequences/AgentTesla/AgentTesla_46_APIxTIME_16x16.png
AgentTesla,47,/home/jabir/Project/Preprocessing/Malware Reports/AgentTesla/47.zip,6793,80.93712496757507,dataset_api_call_sequences/AgentTesla/AgentTesla_47_APIxTIME_16x16.png
AgentTesla,48,/home/jabir/Project/Preprocessing/Malware Reports/AgentTesla/48.zip,5183,556.7006039619446,dataset_api_call_sequences/AgentTesla/AgentTesla_48_APIxTIME_16x16.png
AgentTesla,49,/home/jabir/Project/Preprocessing/Malware Reports/AgentTesla/49.zip,4112,12.34362506866455,dataset_api_call_sequences/AgentTesla/AgentTesla_49_APIxTIME_16x16.png
AgentTesla,5,/home/jabir/Project/Preprocessing/Malware Reports/AgentTesla/5.zip,24771,96.43724989891052,dataset_api_call_sequences/AgentTesla/AgentTesla_5_APIxTIME_16x16.png
AgentTesla,50,/home/jabir/Project/Preprocessing/Malware Reports/AgentTesla/50.zip,7333,123.0939998626709,dataset_api_call_sequences/AgentTesla/AgentTesla_50_APIxTIME_16x16.png
AgentTesla,51,/home/jabir/Project/Preprocessing/Malware Reports/AgentTesla/51.zip,2899,9.905999898910522,dataset_api_call_sequences/AgentTesla/AgentTesla_51_APIxTIME_16x16.png
AgentTesla,52,/home/jabir/Project/Preprocessing/Malware Reports/AgentTesla/52.zip,7463,73.92200016975403,dataset_api_call_sequences/AgentTesla/AgentTesla_52_APIxTIME_16x16.png
AgentTesla,53,/home/jabir/Project/Preprocessing/Malware Reports/AgentTesla/53.zip,7372,125.25,dataset_api_call_sequences/AgentTesla/AgentTesla_53_APIxTIME_16x16.png
AgentTesla,54,/home/jabir/Project/Preprocessing/Malware Reports/AgentTesla/54.zip,3542,123.75025010108948,dataset_api_call_sequences/AgentTesla/AgentTesla_54_APIxTIME_16x16.png
AgentTesla,55,/home/jabir/Project/Preprocessing/Malware Reports/AgentTesla/55.zip,127,0.375,dataset_api_call_sequences/AgentTesla/AgentTesla_55_APIxTIME_16x16.png
AgentTesla,56,/home/jabir/Project/Preprocessing/Malware Reports/AgentTesla/56.zip,4620,112.76500010490417,dataset_api_call_sequences/AgentTesla/AgentTesla_56_APIxTIME_16x16.png
AgentTesla,57,/home/jabir/Project/Preprocessing/Malware Reports/AgentTesla/57.zip,123,0.20399999618530273,dataset_api_call_sequences/AgentTesla/AgentTesla_57_APIxTIME_16x16.png
AgentTesla,58,/home/jabir/Project/Preprocessing/Malware Reports/AgentTesla/58.zip,3508,6.21875,dataset_api_call_sequences/AgentTesla/AgentTesla_58_APIxTIME_16x16.png
AgentTesla,6,/home/jabir/Project/Preprocessing/Malware Reports/AgentTesla/6.zip,6806,73.125,dataset_api_call_sequences/AgentTesla/AgentTesla_6_APIxTIME_16x16.png
AgentTesla,60,/home/jabir/Project/Preprocessing/Malware Reports/AgentTesla/60.zip,3663,72.5301251411438,dataset_api_call_sequences/AgentTesla/AgentTesla_60_APIxTIME_16x16.png
AgentTesla,61,/home/jabir/Project/Preprocessing/Malware Reports/AgentTesla/61.zip,4760,18.391000032424927,dataset_api_call_sequences/AgentTesla/AgentTesla_61_APIxTIME_16x16.png
AgentTesla,62,/home/jabir/Project/Preprocessing/Malware Reports/AgentTesla/62.zip,7460,110.23449993133545,dataset_api_call_sequences/AgentTesla/AgentTesla_62_APIxTIME_16x16.png
AgentTesla,63,/home/jabir/Project/Preprocessing/Malware Reports/AgentTesla/63.zip,7395,83.82824993133545,dataset_api_call_sequences/AgentTesla/AgentTesla_63_APIxTIME_16x16.png
AgentTesla,64,/home/jabir/Project/Preprocessing/Malware Reports/AgentTesla/64.zip,3584,125.64074993133545,dataset_api_call_sequences/AgentTesla/AgentTesla_64_APIxTIME_16x16.png
AgentTesla,66,/home/jabir/Project/Preprocessing/Malware Reports/AgentTesla/66.zip,123,0.20300006866455078,dataset_api_call_sequences/AgentTesla/AgentTesla_66_APIxTIME_16x16.png
AgentTesla,67,/home/jabir/Project/Preprocessing/Malware Reports/AgentTesla/67.zip,3579,98.9522500038147,dataset_api_call_sequences/AgentTesla/AgentTesla_67_APIxTIME_16x16.png
AgentTesla,68,/home/jabir/Project/Preprocessing/Malware Reports/AgentTesla/68.zip,127,0.07899999618530273,dataset_api_call_sequences/AgentTesla/AgentTesla_68_APIxTIME_16x16.png
AgentTesla,69,/home/jabir/Project/Preprocessing/Malware Reports/AgentTesla/69.zip,8127,41.59299993515015,dataset_api_call_sequences/AgentTesla/AgentTesla_69_APIxTIME_16x16.png
AgentTesla,7,/home/jabir/Project/Preprocessing/Malware Reports/AgentTesla/7.zip,6786,73.0471248626709,dataset_api_call_sequences/AgentTesla/AgentTesla_7_APIxTIME_16x16.png
AgentTesla,71,/home/jabir/Project/Preprocessing/Malware Reports/AgentTesla/71.zip,4560,116.32737517356873,dataset_api_call_sequences/AgentTesla/AgentTesla_71_APIxTIME_16x16.png
AgentTesla,72,/home/jabir/Project/Preprocessing/Malware Reports/AgentTesla/72.zip,14236,8.25,dataset_api_call_sequences/AgentTesla/AgentTesla_72_APIxTIME_16x16.png
AgentTesla,73,/home/jabir/Project/Preprocessing/Malware Reports/AgentTesla/73.zip,8520,83.39112520217896,dataset_api_call_sequences/AgentTesla/AgentTesla_73_APIxTIME_16x16.png
AgentTesla,74,/home/jabir/Project/Preprocessing/Malware Reports/AgentTesla/74.zip,24354,107.51462507247925,dataset_api_call_sequences/AgentTesla/AgentTesla_74_APIxTIME_16x16.png
AgentTesla,75,/home/jabir/Project/Preprocessing/Malware Reports/AgentTesla/75.zip,382,4.625,dataset_api_call_sequences/AgentTesla/AgentTesla_75_APIxTIME_16x16.png
AgentTesla,76,/home/jabir/Project/Preprocessing/Malware Reports/AgentTesla/76.zip,10089,40.73399996757507,dataset_api_call_sequences/AgentTesla/AgentTesla_76_APIxTIME_16x16.png
AgentTesla,77,/home/jabir/Project/Preprocessing/Malware Reports/AgentTesla/77.zip,10283,42.375,dataset_api_call_sequences/AgentTesla/AgentTesla_77_APIxTIME_16x16.png
AgentTesla,78,/home/jabir/Project/Preprocessing/Malware Reports/AgentTesla/78.zip,10413,38.35899996757507,dataset_api_call_sequences/AgentTesla/AgentTesla_78_APIxTIME_16x16.png
AgentTesla,79,/home/jabir/Project/Preprocessing/Malware Reports/AgentTesla/79.zip,4573,113.09362483024597,dataset_api_call_sequences/AgentTesla/AgentTesla_79_APIxTIME_16x16.png
AgentTesla,8,/home/jabir/Project/Preprocessing/Malware Reports/AgentTesla/8.zip,1300,0.8280000686645508,dataset_api_call_sequences/AgentTesla/AgentTesla_8_APIxTIME_16x16.png
AgentTesla,80,/home/jabir/Project/Preprocessing/Malware Reports/AgentTesla/80.zip,26525,95.51587510108948,dataset_api_call_sequences/AgentTesla/AgentTesla_80_APIxTIME_16x16.png
AgentTesla,81,/home/jabir/Project/Preprocessing/Malware Reports/AgentTesla/81.zip,10061,22.1560001373291,dataset_api_call_sequences/AgentTesla/AgentTesla_81_APIxTIME_16x16.png
AgentTesla,82,/home/jabir/Project/Preprocessing/Malware Reports/AgentTesla/82.zip,699,5.936999797821045,dataset_api_call_sequences/AgentTesla/AgentTesla_82_APIxTIME_16x16.png
AgentTesla,83,/home/jabir/Project/Preprocessing/Malware Reports/AgentTesla/83.zip,5365,21277.44039607048,dataset_api_call_sequences/AgentTesla/AgentTesla_83_APIxTIME_16x16.png
AgentTesla,84,/home/jabir/Project/Preprocessing/Malware Reports/AgentTesla/84.zip,4595,123.81149983406067,dataset_api_call_sequences/AgentTesla/AgentTesla_84_APIxTIME_16x16.png
AgentTesla,85,/home/jabir/Project/Preprocessing/Malware Reports/AgentTesla/85.zip,4434,123.92112517356873,dataset_api_call_sequences/AgentTesla/AgentTesla_85_APIxTIME_16x16.png
AgentTesla,86,/home/jabir/Project/Preprocessing/Malware Reports/AgentTesla/86.zip,6755,80.14175009727478,dataset_api_call_sequences/AgentTesla/AgentTesla_86_APIxTIME_16x16.png
AgentTesla,87,/home/jabir/Project/Preprocessing/Malware Reports/AgentTesla/87.zip,5121,555.5442309379578,dataset_api_call_sequences/AgentTesla/AgentTesla_87_APIxTIME_16x16.png
AgentTesla,88,/home/jabir/Project/Preprocessing/Malware Reports/AgentTesla/88.zip,1440,11.484999895095825,dataset_api_call_sequences/AgentTesla/AgentTesla_88_APIxTIME_16x16.png
AgentTesla,89,/home/jabir/Project/Preprocessing/Malware Reports/AgentTesla/89.zip,11424,58.51600003242493,dataset_api_call_sequences/AgentTesla/AgentTesla_89_APIxTIME_16x16.png
AgentTesla,9,/home/jabir/Project/Preprocessing/Malware Reports/AgentTesla/9.zip,16772,67.10900020599365,dataset_api_call_sequences/AgentTesla/AgentTesla_9_APIxTIME_16x16.png
AgentTesla,90,/home/jabir/Project/Preprocessing/Malware Reports/AgentTesla/90.zip,7860,43.48399996757507,dataset_api_call_sequences/AgentTesla/AgentTesla_90_APIxTIME_16x16.png
AgentTesla,91,/home/jabir/Project/Preprocessing/Malware Reports/AgentTesla/91.zip,11390,49.0460000038147,dataset_api_call_sequences/AgentTesla/AgentTesla_91_APIxTIME_16x16.png
AgentTesla,92,/home/jabir/Project/Preprocessing/Malware Reports/AgentTesla/92.zip,4611,105.93737483024597,dataset_api_call_sequences/AgentTesla/AgentTesla_92_APIxTIME_16x16.png
AgentTesla,93,/home/jabir/Project/Preprocessing/Malware Reports/AgentTesla/93.zip,181,3.2660000324249268,dataset_api_call_sequences/AgentTesla/AgentTesla_93_APIxTIME_16x16.png
AgentTesla,94,/home/jabir/Project/Preprocessing/Malware Reports/AgentTesla/94.zip,4089,80.07799983024597,dataset_api_call_sequences/AgentTesla/AgentTesla_94_APIxTIME_16x16.png
AgentTesla,95,/home/jabir/Project/Preprocessing/Malware Reports/AgentTesla/95.zip,6963,24.032000064849854,dataset_api_call_sequences/AgentTesla/AgentTesla_95_APIxTIME_16x16.png
AgentTesla,96,/home/jabir/Project/Preprocessing/Malware Reports/AgentTesla/96.zip,7638,51.265000104904175,dataset_api_call_sequences/AgentTesla/AgentTesla_96_APIxTIME_16x16.png
AgentTesla,97,/home/jabir/Project/Preprocessing/Malware Reports/AgentTesla/97.zip,6330,4.358999967575073,dataset_api_call_sequences/AgentTesla/AgentTesla_97_APIxTIME_16x16.png
AgentTesla,98,/home/jabir/Project/Preprocessing/Malware Reports/AgentTesla/98.zip,35566,114.40637493133545,dataset_api_call_sequences/AgentTesla/AgentTesla_98_APIxTIME_16x16.png
AgentTesla,99,/home/jabir/Project/Preprocessing/Malware Reports/AgentTesla/99.zip,171,1.4690001010894775,dataset_api_call_sequences/AgentTesla/AgentTesla_99_APIxTIME_16x16.png
FormBook,155,/home/jabir/Project/Preprocessing/Malware Reports/FormBook/155.zip,1100,456.9972310066223,dataset_api_call_sequences/FormBook/FormBook_155_APIxTIME_16x16.png
FormBook,157,/home/jabir/Project/Preprocessing/Malware Reports/FormBook/157.zip,8003,21561.90287590027,dataset_api_call_sequences/FormBook/FormBook_157_APIxTIME_16x16.png
FormBook,158,/home/jabir/Project/Preprocessing/Malware Reports/FormBook/158.zip,66,1.75,dataset_api_call_sequences/FormBook/FormBook_158_APIxTIME_16x16.png
FormBook,159,/home/jabir/Project/Preprocessing/Malware Reports/FormBook/159.zip,7630,19.54699993133545,dataset_api_call_sequences/FormBook/FormBook_159_APIxTIME_16x16.png
FormBook,160,/home/jabir/Project/Preprocessing/Malware Reports/FormBook/160.zip,72,1.8439998626708984,dataset_api_call_sequences/FormBook/FormBook_160_APIxTIME_16x16.png
FormBook,161,/home/jabir/Project/Preprocessing/Malware Reports/FormBook/161.zip,72,1.8589999675750732,dataset_api_call_sequences/FormBook/FormBook_161_APIxTIME_16x16.png
FormBook,162,/home/jabir/Project/Preprocessing/Malware Reports/FormBook/162.zip,7142,510.40360593795776,dataset_api_call_sequences/FormBook/FormBook_162_APIxTIME_16x16.png
FormBook,163,/home/jabir/Project/Preprocessing/Malware Reports/FormBook/163.zip,8106,21402.048749923706,dataset_api_call_sequences/FormBook/FormBook_163_APIxTIME_16x16.png
FormBook,164,/home/jabir/Project/Preprocessing/Malware Reports/FormBook/164.zip,25879,431.0603561401367,dataset_api_call_sequences/FormBook/FormBook_164_APIxTIME_16x16.png
FormBook,165,/home/jabir/Project/Preprocessing/Malware Reports/FormBook/165.zip,8095,23.015625,dataset_api_call_sequences/FormBook/FormBook_165_APIxTIME_16x16.png
FormBook,166,/home/jabir/Project/Preprocessing/Malware Reports/FormBook/166.zip,5098,473.60672879219055,dataset_api_call_sequences/FormBook/FormBook_166_APIxTIME_16x16.png
FormBook,167,/home/jabir/Project/Preprocessing/Malware Reports/FormBook/167.zip,8055,21.7653751373291,dataset_api_call_sequences/FormBook/FormBook_167_APIxTIME_16x16.png
FormBook,168,/home/jabir/Project/Preprocessing/Malware Reports/FormBook/168.zip,25700,446.1372308731079,dataset_api_call_sequences/FormBook/FormBook_168_APIxTIME_16x16.png
FormBook,169,/home/jabir/Project/Preprocessing/Malware Reports/FormBook/169.zip,28850,499.1382291316986,dataset_api_call_sequences/FormBook/FormBook_169_APIxTIME_16x16.png
FormBook,170,/home/jabir/Project/Preprocessing/Malware Reports/FormBook/170.zip,5163,443.35535407066345,dataset_api_call_sequences/FormBook/FormBook_170_APIxTIME_16x16.png
FormBook,171,/home/jabir/Project/Preprocessing/Malware Reports/FormBook/171.zip,5394,555.4174809455872,dataset_api_call_sequences/FormBook/FormBook_171_APIxTIME_16x16.png
FormBook,172,/home/jabir/Project/Preprocessing/Malware Reports/FormBook/172.zip,9116,465.621230840683,dataset_api_call_sequences/FormBook/FormBook_172_APIxTIME_16x16.png
FormBook,173,/home/jabir/Project/Preprocessing/Malware Reports/FormBook/173.zip,5388,555.3253538608551,dataset_api_call_sequences/FormBook/FormBook_173_APIxTIME_16x16.png
FormBook,174,/home/jabir/Project/Preprocessing/Malware Reports/FormBook/174.zip,30537,63.28224992752075,dataset_api_call_sequences/FormBook/FormBook_174_APIxTIME_16x16.png
FormBook,176,/home/jabir/Project/Preprocessing/Malware Reports/FormBook/176.zip,686,2.812000036239624,dataset_api_call_sequences/FormBook/FormBook_176_APIxTIME_16x16.png
FormBook,177,/home/jabir/Project/Preprocessing/Malware Reports/FormBook/177.zip,27901,21553.550500154495,dataset_api_call_sequences/FormBook/FormBook_177_APIxTIME_16x16.png
FormBook,178,/home/jabir/Project/Preprocessing/Malware Reports/FormBook/178.zip,26764,128.453125,dataset_api_call_sequences/FormBook/FormBook_178_APIxTIME_16x16.png
FormBook,179,/home/jabir/Project/Preprocessing/Malware Reports/FormBook/179.zip,760,27.85925006866455,dataset_api_call_sequences/FormBook/FormBook_179_APIxTIME_16x16.png
FormBook,180,/home/jabir/Project/Preprocessing/Malware Reports/FormBook/180.zip,654,1.3589999675750732,dataset_api_call_sequences/FormBook/FormBook_180_APIxTIME_16x16.png
FormBook,181,/home/jabir/Project/Preprocessing/Malware Reports/FormBook/181.zip,9520,24.891499996185303,dataset_api_call_sequences/FormBook/FormBook_181_APIxTIME_16x16.png
FormBook,182,/home/jabir/Project/Preprocessing/Malware Reports/FormBook/182.zip,27098,128.84412503242493,dataset_api_call_sequences/FormBook/FormBook_182_APIxTIME_16x16.png
FormBook,183,/home/jabir/Project/Preprocessing/Malware Reports/FormBook/183.zip,9198,19.8439998626709,dataset_api_call_sequences/FormBook/FormBook_183_APIxTIME_16x16.png
FormBook,184,/home/jabir/Project/Preprocessing/Malware Reports/FormBook/184.zip,22685,28.907124996185303,dataset_api_call_sequences/FormBook/FormBook_184_APIxTIME_16x16.png
FormBook,185,/home/jabir/Project/Preprocessing/Malware Reports/FormBook/185.zip,26031,21627.320230960846,dataset_api_call_sequences/FormBook/FormBook_185_APIxTIME_16x16.png
FormBook,186,/home/jabir/Project/Preprocessing/Malware Reports/FormBook/186.zip,10370,21.938374996185303,dataset_api_call_sequences/FormBook/FormBook_186_APIxTIME_16x16.png
FormBook,187,/home/jabir/Project/Preprocessing/Malware Reports/FormBook/187.zip,28144,120.56287503242493,dataset_api_call_sequences/FormBook/FormBook_187_APIxTIME_16x16.png
FormBook,188,/home/jabir/Project/Preprocessing/Malware Reports/FormBook/188.zip,28490,122.78087496757507,dataset_api_call_sequences/FormBook/FormBook_188_APIxTIME_16x16.png
FormBook,189,/home/jabir/Project/Preprocessing/Malware Reports/FormBook/189.zip,8891,21039.18924999237,dataset_api_call_sequences/FormBook/FormBook_189_APIxTIME_16x16.png
FormBook,190,/home/jabir/Project/Preprocessing/Malware Reports/FormBook/190.zip,20829,27.5,dataset_api_call_sequences/FormBook/FormBook_190_APIxTIME_16x16.png
FormBook,191,/home/jabir/Project/Preprocessing/Malware Reports/FormBook/191.zip,30793,33.719374895095825,dataset_api_call_sequences/FormBook/FormBook_191_APIxTIME_16x16.png
FormBook,192,/home/jabir/Project/Preprocessing/Malware Reports/FormBook/192.zip,666,2.1089999675750732,dataset_api_call_sequences/FormBook/FormBook_192_APIxTIME_16x16.png
FormBook,193,/home/jabir/Project/Preprocessing/Malware Reports/FormBook/193.zip,9273,23.344000101089478,dataset_api_call_sequences/FormBook/FormBook_193_APIxTIME_16x16.png
FormBook,194,/home/jabir/Project/Preprocessing/Malware Reports/FormBook/194.zip,26251,88.04625010490417,dataset_api_call_sequences/FormBook/FormBook_194_APIxTIME_16x16.png
FormBook,195,/home/jabir/Project/Preprocessing/Malware Reports/FormBook/195.zip,14209,5.046999931335449,dataset_api_call_sequences/FormBook/FormBook_195_APIxTIME_16x16.png
FormBook,196,/home/jabir/Project/Preprocessing/Malware Reports/FormBook/196.zip,1219,26.827874898910522,dataset_api_call_sequences/FormBook/FormBook_196_APIxTIME_16x16.png
FormBook,197,/home/jabir/Project/Preprocessing/Malware Reports/FormBook/197.zip,31888,32.78125,dataset_api_call_sequences/FormBook/FormBook_197_APIxTIME_16x16.png
FormBook,198,/home/jabir/Project/Preprocessing/Malware Reports/FormBook/198.zip,5423,18.858999967575073,dataset_api_call_sequences/FormBook/FormBook_198_APIxTIME_16x16.png
FormBook,199,/home/jabir/Project/Preprocessing/Malware Reports/FormBook/199.zip,30830,52.51600003242493,dataset_api_call_sequences/FormBook/FormBook_199_APIxTIME_16x16.png
FormBook,200,/home/jabir/Project/Preprocessing/Malware Reports/FormBook/200.zip,10392,20765.866374969482,dataset_api_call_sequences/FormBook/FormBook_200_APIxTIME_16x16.png
FormBook,201,/home/jabir/Project/Preprocessing/Malware Reports/FormBook/201.zip,27631,20729.112499952316,dataset_api_call_sequences/FormBook/FormBook_201_APIxTIME_16x16.png
FormBook,202,/home/jabir/Project/Preprocessing/Malware Reports/FormBook/202.zip,1487,68.60912489891052,dataset_api_call_sequences/FormBook/FormBook_202_APIxTIME_16x16.png
FormBook,203,/home/jabir/Project/Preprocessing/Malware Reports/FormBook/203.zip,28673,126.93787479400635,dataset_api_call_sequences/FormBook/FormBook_203_APIxTIME_16x16.png
FormBook,204,/home/jabir/Project/Preprocessing/Malware Reports/FormBook/204.zip,27597,126.9375,dataset_api_call_sequences/FormBook/FormBook_204_APIxTIME_16x16.png
FormBook,207,/home/jabir/Project/Preprocessing/Malware Reports/FormBook/207.zip,10103,36.937000036239624,dataset_api_call_sequences/FormBook/FormBook_207_APIxTIME_16x16.png
FormBook,208,/home/jabir/Project/Preprocessing/Malware Reports/FormBook/208.zip,10070,24.265999794006348,dataset_api_call_sequences/FormBook/FormBook_208_APIxTIME_16x16.png
FormBook,209,/home/jabir/Project/Preprocessing/Malware Reports/FormBook/209.zip,678,32.28137493133545,dataset_api_call_sequences/FormBook/FormBook_209_APIxTIME_16x16.png
FormBook,210,/home/jabir/Project/Preprocessing/Malware Reports/FormBook/210.zip,2417,3.7176249027252197,dataset_api_call_sequences/FormBook/FormBook_210_APIxTIME_16x16.png
FormBook,211,/home/jabir/Project/Preprocessing/Malware Reports/FormBook/211.zip,28418,142.48399996757507,dataset_api_call_sequences/FormBook/FormBook_211_APIxTIME_16x16.png
FormBook,212,/home/jabir/Project/Preprocessing/Malware Reports/FormBook/212.zip,7831,22.344000101089478,dataset_api_call_sequences/FormBook/FormBook_212_APIxTIME_16x16.png
FormBook,213,/home/jabir/Project/Preprocessing/Malware Reports/FormBook/213.zip,10021,42.937999963760376,dataset_api_call_sequences/FormBook/FormBook_213_APIxTIME_16x16.png
FormBook,216,/home/jabir/Project/Preprocessing/Malware Reports/FormBook/216.zip,20901,38.06237483024597,dataset_api_call_sequences/FormBook/FormBook_216_APIxTIME_16x16.png
FormBook,217,/home/jabir/Project/Preprocessing/Malware Reports/FormBook/217.zip,28965,126.36012506484985,dataset_api_call_sequences/FormBook/FormBook_217_APIxTIME_16x16.png
FormBook,218,/home/jabir/Project/Preprocessing/Malware Reports/FormBook/218.zip,21098,45.7814998626709,dataset_api_call_sequences/FormBook/FormBook_218_APIxTIME_16x16.png
FormBook,219,/home/jabir/Project/Preprocessing/Malware Reports/FormBook/219.zip,23302,48.891125202178955,dataset_api_call_sequences/FormBook/FormBook_219_APIxTIME_16x16.png
FormBook,220,/home/jabir/Project/Preprocessing/Malware Reports/FormBook/220.zip,20863,21041.348248958588,dataset_api_call_sequences/FormBook/FormBook_220_APIxTIME_16x16.png
FormBook,221,/home/jabir/Project/Preprocessing/Malware Reports/FormBook/221.zip,9942,4.687999963760376,dataset_api_call_sequences/FormBook/FormBook_221_APIxTIME_16x16.png
FormBook,222,/home/jabir/Project/Preprocessing/Malware Reports/FormBook/222.zip,20795,20975.711998939514,dataset_api_call_sequences/FormBook/FormBook_222_APIxTIME_16x16.png
FormBook,223,/home/jabir/Project/Preprocessing/Malware Reports/FormBook/223.zip,715,20959.711124897003,dataset_api_call_sequences/FormBook/FormBook_223_APIxTIME_16x16.png
FormBook,224,/home/jabir/Project/Preprocessing/Malware Reports/FormBook/224.zip,8045,42.28162503242493,dataset_api_call_sequences/FormBook/FormBook_224_APIxTIME_16x16.png
FormBook,225,/home/jabir/Project/Preprocessing/Malware Reports/FormBook/225.zip,20952,44.84400010108948,dataset_api_call_sequences/FormBook/FormBook_225_APIxTIME_16x16.png
FormBook,226,/home/jabir/Project/Preprocessing/Malware Reports/FormBook/226.zip,7687,21.4060001373291,dataset_api_call_sequences/FormBook/FormBook_226_APIxTIME_16x16.png
FormBook,227,/home/jabir/Project/Preprocessing/Malware Reports/FormBook/227.zip,10490,19.969000101089478,dataset_api_call_sequences/FormBook/FormBook_227_APIxTIME_16x16.png
FormBook,228,/home/jabir/Project/Preprocessing/Malware Reports/FormBook/228.zip,28865,137.53187489509583,dataset_api_call_sequences/FormBook/FormBook_228_APIxTIME_16x16.png
FormBook,229,/home/jabir/Project/Preprocessing/Malware Reports/FormBook/229.zip,632,0.39100003242492676,dataset_api_call_sequences/FormBook/FormBook_229_APIxTIME_16x16.png
FormBook,230,/home/jabir/Project/Preprocessing/Malware Reports/FormBook/230.zip,26318,81.28174996376038,dataset_api_call_sequences/FormBook/FormBook_230_APIxTIME_16x16.png
FormBook,231,/home/jabir/Project/Preprocessing/Malware Reports/FormBook/231.zip,23323,20678.161375045776,dataset_api_call_sequences/FormBook/FormBook_231_APIxTIME_16x16.png
FormBook,232,/home/jabir/Project/Preprocessing/Malware Reports/FormBook/232.zip,7752,20.062000036239624,dataset_api_call_sequences/FormBook/FormBook_232_APIxTIME_16x16.png
FormBook,233,/home/jabir/Project/Preprocessing/Malware Reports/FormBook/233.zip,26202,125.31262493133545,dataset_api_call_sequences/FormBook/FormBook_233_APIxTIME_16x16.png
FormBook,234,/home/jabir/Project/Preprocessing/Malware Reports/FormBook/234.zip,43435,129.65086698532104,dataset_api_call_sequences/FormBook/FormBook_234_APIxTIME_16x16.png
FormBook,236,/home/jabir/Project/Preprocessing/Malware Reports/FormBook/236.zip,82,0.375,dataset_api_call_sequences/FormBook/FormBook_236_APIxTIME_16x16.png
FormBook,237,/home/jabir/Project/Preprocessing/Malware Reports/FormBook/237.zip,8071,46.75037503242493,dataset_api_call_sequences/FormBook/FormBook_237_APIxTIME_16x16.png
FormBook,238,/home/jabir/Project/Preprocessing/Malware Reports/FormBook/238.zip,58344,67.42199993133545,dataset_api_call_sequences/FormBook/FormBook_238_APIxTIME_16x16.png
FormBook,239,/home/jabir/Project/Preprocessing/Malware Reports/FormBook/239.zip,27800,484.74710392951965,dataset_api_call_sequences/FormBook/FormBook_239_APIxTIME_16x16.png
FormBook,240,/home/jabir/Project/Preprocessing/Malware Reports/FormBook/240.zip,7619,19.625,dataset_api_call_sequences/FormBook/FormBook_240_APIxTIME_16x16.png
FormBook,241,/home/jabir/Project/Preprocessing/Malware Reports/FormBook/241.zip,28091,477.6068539619446,dataset_api_call_sequences/FormBook/FormBook_241_APIxTIME_16x16.png
FormBook,242,/home/jabir/Project/Preprocessing/Malware Reports/FormBook/242.zip,25832,21786.94260406494,dataset_api_call_sequences/FormBook/FormBook_242_APIxTIME_16x16.png
FormBook,243,/home/jabir/Project/Preprocessing/Malware Reports/FormBook/243.zip,58358,67.28099989891052,dataset_api_call_sequences/FormBook/FormBook_243_APIxTIME_16x16.png
FormBook,244,/home/jabir/Project/Preprocessing/Malware Reports/FormBook/244.zip,610,2.7821249961853027,dataset_api_call_sequences/FormBook/FormBook_244_APIxTIME_16x16.png
FormBook,245,/home/jabir/Project/Preprocessing/Malware Reports/FormBook/245.zip,20718,21245.18424987793,dataset_api_call_sequences/FormBook/FormBook_245_APIxTIME_16x16.png
FormBook,246,/home/jabir/Project/Preprocessing/Malware Reports/FormBook/246.zip,20801,26.874249935150146,dataset_api_call_sequences/FormBook/FormBook_246_APIxTIME_16x16.png
FormBook,247,/home/jabir/Project/Preprocessing/Malware Reports/FormBook/247.zip,27538,486.05960392951965,dataset_api_call_sequences/FormBook/FormBook_247_APIxTIME_16x16.png
FormBook,248,/home/jabir/Project/Preprocessing/Malware Reports/FormBook/248.zip,663,21.577874898910522,dataset_api_call_sequences/FormBook/FormBook_248_APIxTIME_16x16.png
FormBook,249,/home/jabir/Project/Preprocessing/Malware Reports/FormBook/249.zip,7667,20.593000173568726,dataset_api_call_sequences/FormBook/FormBook_249_APIxTIME_16x16.png
FormBook,250,/home/jabir/Project/Preprocessing/Malware Reports/FormBook/250.zip,28473,480.79310393333435,dataset_api_call_sequences/FormBook/FormBook_250_APIxTIME_16x16.png
FormBook,251,/home/jabir/Project/Preprocessing/Malware Reports/FormBook/251.zip,695,26.125,dataset_api_call_sequences/FormBook/FormBook_251_APIxTIME_16x16.png
FormBook,252,/home/jabir/Project/Preprocessing/Malware Reports/FormBook/252.zip,20756,35.49987506866455,dataset_api_call_sequences/FormBook/FormBook_252_APIxTIME_16x16.png
FormBook,253,/home/jabir/Project/Preprocessing/Malware Reports/FormBook/253.zip,7622,19.75,dataset_api_call_sequences/FormBook/FormBook_253_APIxTIME_16x16.png
FormBook,254,/home/jabir/Project/Preprocessing/Malware Reports/FormBook/254.zip,20653,23.85949993133545,dataset_api_call_sequences/FormBook/FormBook_254_APIxTIME_16x16.png
FormBook,372,/home/jabir/Project/Preprocessing/Malware Reports/FormBook/372.zip,1492,28.953999996185303,dataset_api_call_sequences/FormBook/FormBook_372_APIxTIME_16x16.png
FormBook,373,/home/jabir/Project/Preprocessing/Malware Reports/FormBook/373.zip,740,10.29699993133545,dataset_api_call_sequences/FormBook/FormBook_373_APIxTIME_16x16.png
FormBook,374,/home/jabir/Project/Preprocessing/Malware Reports/FormBook/374.zip,1244,15.327875137329102,dataset_api_call_sequences/FormBook/FormBook_374_APIxTIME_16x16.png
FormBook,375,/home/jabir/Project/Preprocessing/Malware Reports/FormBook/375.zip,687,129.57850003242493,dataset_api_call_sequences/FormBook/FormBook_375_APIxTIME_16x16.png
FormBook,376,/home/jabir/Project/Preprocessing/Malware Reports/FormBook/376.zip,1339,27.155999898910522,dataset_api_call_sequences/FormBook/FormBook_376_APIxTIME_16x16.png
FormBook,377,/home/jabir/Project/Preprocessing/Malware Reports/FormBook/377.zip,26352,137.4997501373291,dataset_api_call_sequences/FormBook/FormBook_377_APIxTIME_16x16.png
FormBook,378,/home/jabir/Project/Preprocessing/Malware Reports/FormBook/378.zip,48858,129.70275020599365,dataset_api_call_sequences/FormBook/FormBook_378_APIxTIME_16x16.png
SalatStealer,263,/home/jabir/Project/Preprocessing/Malware Reports/SalatStealer/263.zip,6500,436.38747906684875,dataset_api_call_sequences/SalatStealer/SalatStealer_263_APIxTIME_16x16.png
SalatStealer,264,/home/jabir/Project/Preprocessing/Malware Reports/SalatStealer/264.zip,240,1.9070000648498535,dataset_api_call_sequences/SalatStealer/SalatStealer_264_APIxTIME_16x16.png
SalatStealer,265,/home/jabir/Project/Preprocessing/Malware Reports/SalatStealer/265.zip,240,1.2190001010894775,dataset_api_call_sequences/SalatStealer/SalatStealer_265_APIxTIME_16x16.png
SalatStealer,266,/home/jabir/Project/Preprocessing/Malware Reports/SalatStealer/266.zip,240,0.20299983024597168,dataset_api_call_sequences/SalatStealer/SalatStealer_266_APIxTIME_16x16.png
SalatStealer,267,/home/jabir/Project/Preprocessing/Malware Reports/SalatStealer/267.zip,25520,433.5748538970947,dataset_api_call_sequences/SalatStealer/SalatStealer_267_APIxTIME_16x16.png
SalatStealer,268,/home/jabir/Project/Preprocessing/Malware Reports/SalatStealer/268.zip,240,0.625,dataset_api_call_sequences/SalatStealer/SalatStealer_268_APIxTIME_16x16.png
SalatStealer,269,/home/jabir/Project/Preprocessing/Malware Reports/SalatStealer/269.zip,354,2.2960000038146973,dataset_api_call_sequences/SalatStealer/SalatStealer_269_APIxTIME_16x16.png
SalatStealer,270,/home/jabir/Project/Preprocessing/Malware Reports/SalatStealer/270.zip,240,0.17199993133544922,dataset_api_call_sequences/SalatStealer/SalatStealer_270_APIxTIME_16x16.png
SalatStealer,271,/home/jabir/Project/Preprocessing/Malware Reports/SalatStealer/271.zip,240,0.17199993133544922,dataset_api_call_sequences/SalatStealer/SalatStealer_271_APIxTIME_16x16.png
SalatStealer,272,/home/jabir/Project/Preprocessing/Malware Reports/SalatStealer/272.zip,355,10.734000205993652,dataset_api_call_sequences/SalatStealer/SalatStealer_272_APIxTIME_16x16.png
SalatStealer,273,/home/jabir/Project/Preprocessing/Malware Reports/SalatStealer/273.zip,240,0.3900001049041748,dataset_api_call_sequences/SalatStealer/SalatStealer_273_APIxTIME_16x16.png
SalatStealer,274,/home/jabir/Project/Preprocessing/Malware Reports/SalatStealer/274.zip,240,0.40599989891052246,dataset_api_call_sequences/SalatStealer/SalatStealer_274_APIxTIME_16x16.png
SalatStealer,275,/home/jabir/Project/Preprocessing/Malware Reports/SalatStealer/275.zip,240,0.17199993133544922,dataset_api_call_sequences/SalatStealer/SalatStealer_275_APIxTIME_16x16.png
SalatStealer,276,/home/jabir/Project/Preprocessing/Malware Reports/SalatStealer/276.zip,240,0.10899996757507324,dataset_api_call_sequences/SalatStealer/SalatStealer_276_APIxTIME_16x16.png
SalatStealer,277,/home/jabir/Project/Preprocessing/Malware Reports/SalatStealer/277.zip,666,9.594000101089478,dataset_api_call_sequences/SalatStealer/SalatStealer_277_APIxTIME_16x16.png
SalatStealer,278,/home/jabir/Project/Preprocessing/Malware Reports/SalatStealer/278.zip,240,2.4069998264312744,dataset_api_call_sequences/SalatStealer/SalatStealer_278_APIxTIME_16x16.png
SalatStealer,279,/home/jabir/Project/Preprocessing/Malware Reports/SalatStealer/279.zip,240,0.8600001335144043,dataset_api_call_sequences/SalatStealer/SalatStealer_279_APIxTIME_16x16.png
SalatStealer,280,/home/jabir/Project/Preprocessing/Malware Reports/SalatStealer/280.zip,240,0.125,dataset_api_call_sequences/SalatStealer/SalatStealer_280_APIxTIME_16x16.png
SalatStealer,281,/home/jabir/Project/Preprocessing/Malware Reports/SalatStealer/281.zip,17536,526.2158539295197,dataset_api_call_sequences/SalatStealer/SalatStealer_281_APIxTIME_16x16.png
SalatStealer,282,/home/jabir/Project/Preprocessing/Malware Reports/SalatStealer/282.zip,240,2.1560001373291016,dataset_api_call_sequences/SalatStealer/SalatStealer_282_APIxTIME_16x16.png
SalatStealer,283,/home/jabir/Project/Preprocessing/Malware Reports/SalatStealer/283.zip,240,0.4219999313354492,dataset_api_call_sequences/SalatStealer/SalatStealer_283_APIxTIME_16x16.png
SalatStealer,284,/home/jabir/Project/Preprocessing/Malware Reports/SalatStealer/284.zip,240,0.6410000324249268,dataset_api_call_sequences/SalatStealer/SalatStealer_284_APIxTIME_16x16.png
SalatStealer,285,/home/jabir/Project/Preprocessing/Malware Reports/SalatStealer/285.zip,240,0.4529998302459717,dataset_api_call_sequences/SalatStealer/SalatStealer_285_APIxTIME_16x16.png
SalatStealer,286,/home/jabir/Project/Preprocessing/Malware Reports/SalatStealer/286.zip,73,0.06200003623962402,dataset_api_call_sequences/SalatStealer/SalatStealer_286_APIxTIME_16x16.png
SalatStealer,287,/home/jabir/Project/Preprocessing/Malware Reports/SalatStealer/287.zip,240,1.5309998989105225,dataset_api_call_sequences/SalatStealer/SalatStealer_287_APIxTIME_16x16.png
SalatStealer,288,/home/jabir/Project/Preprocessing/Malware Reports/SalatStealer/288.zip,240,3.0929999351501465,dataset_api_call_sequences/SalatStealer/SalatStealer_288_APIxTIME_16x16.png
SalatStealer,289,/home/jabir/Project/Preprocessing/Malware Reports/SalatStealer/289.zip,240,0.48399996757507324,dataset_api_call_sequences/SalatStealer/SalatStealer_289_APIxTIME_16x16.png
SalatStealer,290,/home/jabir/Project/Preprocessing/Malware Reports/SalatStealer/290.zip,240,0.562000036239624,dataset_api_call_sequences/SalatStealer/SalatStealer_290_APIxTIME_16x16.png
SalatStealer,292,/home/jabir/Project/Preprocessing/Malware Reports/SalatStealer/292.zip,888,16.95300006866455,dataset_api_call_sequences/SalatStealer/SalatStealer_292_APIxTIME_16x16.png
SalatStealer,293,/home/jabir/Project/Preprocessing/Malware Reports/SalatStealer/293.zip,240,0.8430001735687256,dataset_api_call_sequences/SalatStealer/SalatStealer_293_APIxTIME_16x16.png
SalatStealer,294,/home/jabir/Project/Preprocessing/Malware Reports/SalatStealer/294.zip,240,0.40599989891052246,dataset_api_call_sequences/SalatStealer/SalatStealer_294_APIxTIME_16x16.png
SalatStealer,295,/home/jabir/Project/Preprocessing/Malware Reports/SalatStealer/295.zip,240,0.437999963760376,dataset_api_call_sequences/SalatStealer/SalatStealer_295_APIxTIME_16x16.png
SalatStealer,296,/home/jabir/Project/Preprocessing/Malware Reports/SalatStealer/296.zip,240,0.10900020599365234,dataset_api_call_sequences/SalatStealer/SalatStealer_296_APIxTIME_16x16.png
SalatStealer,297,/home/jabir/Project/Preprocessing/Malware Reports/SalatStealer/297.zip,240,0.437000036239624,dataset_api_call_sequences/SalatStealer/SalatStealer_297_APIxTIME_16x16.png
SalatStealer,298,/home/jabir/Project/Preprocessing/Malware Reports/SalatStealer/298.zip,240,1.3589999675750732,dataset_api_call_sequences/SalatStealer/SalatStealer_298_APIxTIME_16x16.png
SalatStealer,299,/home/jabir/Project/Preprocessing/Malware Reports/SalatStealer/299.zip,240,0.21899986267089844,dataset_api_call_sequences/SalatStealer/SalatStealer_299_APIxTIME_16x16.png
SalatStealer,300,/home/jabir/Project/Preprocessing/Malware Reports/SalatStealer/300.zip,179,1.5789999961853027,dataset_api_call_sequences/SalatStealer/SalatStealer_300_APIxTIME_16x16.png
SalatStealer,302,/home/jabir/Project/Preprocessing/Malware Reports/SalatStealer/302.zip,107,6.125,dataset_api_call_sequences/SalatStealer/SalatStealer_302_APIxTIME_16x16.png
SalatStealer,303,/home/jabir/Project/Preprocessing/Malware Reports/SalatStealer/303.zip,240,0.7190001010894775,dataset_api_call_sequences/SalatStealer/SalatStealer_303_APIxTIME_16x16.png
SalatStealer,304,/home/jabir/Project/Preprocessing/Malware Reports/SalatStealer/304.zip,240,0.17100000381469727,dataset_api_call_sequences/SalatStealer/SalatStealer_304_APIxTIME_16x16.png
SalatStealer,305,/home/jabir/Project/Preprocessing/Malware Reports/SalatStealer/305.zip,240,0.10899996757507324,dataset_api_call_sequences/SalatStealer/SalatStealer_305_APIxTIME_16x16.png
SalatStealer,306,/home/jabir/Project/Preprocessing/Malware Reports/SalatStealer/306.zip,650,11.843999862670898,dataset_api_call_sequences/SalatStealer/SalatStealer_306_APIxTIME_16x16.png
SalatStealer,307,/home/jabir/Project/Preprocessing/Malware Reports/SalatStealer/307.zip,9480,84.7189998626709,dataset_api_call_sequences/SalatStealer/SalatStealer_307_APIxTIME_16x16.png
SalatStealer,308,/home/jabir/Project/Preprocessing/Malware Reports/SalatStealer/308.zip,12728,22013.79187107086,dataset_api_call_sequences/SalatStealer/SalatStealer_308_APIxTIME_16x16.png
SalatStealer,309,/home/jabir/Project/Preprocessing/Malware Reports/SalatStealer/309.zip,240,1.2660000324249268,dataset_api_call_sequences/SalatStealer/SalatStealer_309_APIxTIME_16x16.png
SalatStealer,310,/home/jabir/Project/Preprocessing/Malware Reports/SalatStealer/310.zip,240,0.7969999313354492,dataset_api_call_sequences/SalatStealer/SalatStealer_310_APIxTIME_16x16.png
SalatStealer,311,/home/jabir/Project/Preprocessing/Malware Reports/SalatStealer/311.zip,178,2.5940001010894775,dataset_api_call_sequences/SalatStealer/SalatStealer_311_APIxTIME_16x16.png
SalatStealer,312,/home/jabir/Project/Preprocessing/Malware Reports/SalatStealer/312.zip,240,0.25,dataset_api_call_sequences/SalatStealer/SalatStealer_312_APIxTIME_16x16.png
SalatStealer,313,/home/jabir/Project/Preprocessing/Malware Reports/SalatStealer/313.zip,5588,20.92200016975403,dataset_api_call_sequences/SalatStealer/SalatStealer_313_APIxTIME_16x16.png
SalatStealer,314,/home/jabir/Project/Preprocessing/Malware Reports/SalatStealer/314.zip,240,0.23399996757507324,dataset_api_call_sequences/SalatStealer/SalatStealer_314_APIxTIME_16x16.png
SalatStealer,315,/home/jabir/Project/Preprocessing/Malware Reports/SalatStealer/315.zip,240,0.125,dataset_api_call_sequences/SalatStealer/SalatStealer_315_APIxTIME_16x16.png
SalatStealer,316,/home/jabir/Project/Preprocessing/Malware Reports/SalatStealer/316.zip,436,0.7498748302459717,dataset_api_call_sequences/SalatStealer/SalatStealer_316_APIxTIME_16x16.png
SalatStealer,317,/home/jabir/Project/Preprocessing/Malware Reports/SalatStealer/317.zip,240,1.5940001010894775,dataset_api_call_sequences/SalatStealer/SalatStealer_317_APIxTIME_16x16.png
SalatStealer,318,/home/jabir/Project/Preprocessing/Malware Reports/SalatStealer/318.zip,240,0.625,dataset_api_call_sequences/SalatStealer/SalatStealer_318_APIxTIME_16x16.png
SalatStealer,319,/home/jabir/Project/Preprocessing/Malware Reports/SalatStealer/319.zip,240,0.125,dataset_api_call_sequences/SalatStealer/SalatStealer_319_APIxTIME_16x16.png
SalatStealer,320,/home/jabir/Project/Preprocessing/Malware Reports/SalatStealer/320.zip,8532,96.51950788497925,dataset_api_call_sequences/SalatStealer/SalatStealer_320_APIxTIME_16x16.png
SalatStealer,321,/home/jabir/Project/Preprocessing/Malware Reports/SalatStealer/321.zip,240,6.734000205993652,dataset_api_call_sequences/SalatStealer/SalatStealer_321_APIxTIME_16x16.png
SalatStealer,322,/home/jabir/Project/Preprocessing/Malware Reports/SalatStealer/322.zip,240,0.7820000648498535,dataset_api_call_sequences/SalatStealer/SalatStealer_322_APIxTIME_16x16.png
SalatStealer,323,/home/jabir/Project/Preprocessing/Malware Reports/SalatStealer/323.zip,240,0.5780000686645508,dataset_api_call_sequences/SalatStealer/SalatStealer_323_APIxTIME_16x16.png
SalatStealer,324,/home/jabir/Project/Preprocessing/Malware Reports/SalatStealer/324.zip,7479,20.687999963760376,dataset_api_call_sequences/SalatStealer/SalatStealer_324_APIxTIME_16x16.png
SalatStealer,325,/home/jabir/Project/Preprocessing/Malware Reports/SalatStealer/325.zip,8548,18.014999866485596,dataset_api_call_sequences/SalatStealer/SalatStealer_325_APIxTIME_16x16.png
SalatStealer,326,/home/jabir/Project/Preprocessing/Malware Reports/SalatStealer/326.zip,6639,433.5902290344238,dataset_api_call_sequences/SalatStealer/SalatStealer_326_APIxTIME_16x16.png
SalatStealer,327,/home/jabir/Project/Preprocessing/Malware Reports/SalatStealer/327.zip,240,1.0,dataset_api_call_sequences/SalatStealer/SalatStealer_327_APIxTIME_16x16.png
SalatStealer,328,/home/jabir/Project/Preprocessing/Malware Reports/SalatStealer/328.zip,240,0.9219999313354492,dataset_api_call_sequences/SalatStealer/SalatStealer_328_APIxTIME_16x16.png
SalatStealer,329,/home/jabir/Project/Preprocessing/Malware Reports/SalatStealer/329.zip,239,0.15600013732910156,dataset_api_call_sequences/SalatStealer/SalatStealer_329_APIxTIME_16x16.png
SalatStealer,330,/home/jabir/Project/Preprocessing/Malware Reports/SalatStealer/330.zip,240,0.1099998950958252,dataset_api_call_sequences/SalatStealer/SalatStealer_330_APIxTIME_16x16.png
SalatStealer,331,/home/jabir/Project/Preprocessing/Malware Reports/SalatStealer/331.zip,6779,17.54699993133545,dataset_api_call_sequences/SalatStealer/SalatStealer_331_APIxTIME_16x16.png
SalatStealer,332,/home/jabir/Project/Preprocessing/Malware Reports/SalatStealer/332.zip,524,1.530750036239624,dataset_api_call_sequences/SalatStealer/SalatStealer_332_APIxTIME_16x16.png
SalatStealer,333,/home/jabir/Project/Preprocessing/Malware Reports/SalatStealer/333.zip,4556,13.906000137329102,dataset_api_call_sequences/SalatStealer/SalatStealer_333_APIxTIME_16x16.png
SalatStealer,334,/home/jabir/Project/Preprocessing/Malware Reports/SalatStealer/334.zip,5674,14.266000032424927,dataset_api_call_sequences/SalatStealer/SalatStealer_334_APIxTIME_16x16.png
SalatStealer,335,/home/jabir/Project/Preprocessing/Malware Reports/SalatStealer/335.zip,240,0.2349998950958252,dataset_api_call_sequences/SalatStealer/SalatStealer_335_APIxTIME_16x16.png
SalatStealer,336,/home/jabir/Project/Preprocessing/Malware Reports/SalatStealer/336.zip,240,0.18800020217895508,dataset_api_call_sequences/SalatStealer/SalatStealer_336_APIxTIME_16x16.png
SalatStealer,337,/home/jabir/Project/Preprocessing/Malware Reports/SalatStealer/337.zip,4641,12.969000101089478,dataset_api_call_sequences/SalatStealer/SalatStealer_337_APIxTIME_16x16.png
SalatStealer,338,/home/jabir/Project/Preprocessing/Malware Reports/SalatStealer/338.zip,240,1.5160000324249268,dataset_api_call_sequences/SalatStealer/SalatStealer_338_APIxTIME_16x16.png
SalatStealer,339,/home/jabir/Project/Preprocessing/Malware Reports/SalatStealer/339.zip,240,0.9529998302459717,dataset_api_call_sequences/SalatStealer/SalatStealer_339_APIxTIME_16x16.png
SalatStealer,340,/home/jabir/Project/Preprocessing/Malware Reports/SalatStealer/340.zip,240,0.8440001010894775,dataset_api_call_sequences/SalatStealer/SalatStealer_340_APIxTIME_16x16.png
SalatStealer,341,/home/jabir/Project/Preprocessing/Malware Reports/SalatStealer/341.zip,240,0.2969999313354492,dataset_api_call_sequences/SalatStealer/SalatStealer_341_APIxTIME_16x16.png
SalatStealer,342,/home/jabir/Project/Preprocessing/Malware Reports/SalatStealer/342.zip,240,0.125,dataset_api_call_sequences/SalatStealer/SalatStealer_342_APIxTIME_16x16.png
SalatStealer,343,/home/jabir/Project/Preprocessing/Malware Reports/SalatStealer/343.zip,240,0.17199993133544922,dataset_api_call_sequences/SalatStealer/SalatStealer_343_APIxTIME_16x16.png
SalatStealer,344,/home/jabir/Project/Preprocessing/Malware Reports/SalatStealer/344.zip,6272,16.766000032424927,dataset_api_call_sequences/SalatStealer/SalatStealer_344_APIxTIME_16x16.png
SalatStealer,345,/home/jabir/Project/Preprocessing/Malware Reports/SalatStealer/345.zip,240,0.39100003242492676,dataset_api_call_sequences/SalatStealer/SalatStealer_345_APIxTIME_16x16.png
SalatStealer,346,/home/jabir/Project/Preprocessing/Malware Reports/SalatStealer/346.zip,240,0.25,dataset_api_call_sequences/SalatStealer/SalatStealer_346_APIxTIME_16x16.png
SalatStealer,347,/home/jabir/Project/Preprocessing/Malware Reports/SalatStealer/347.zip,5674,15.969000101089478,dataset_api_call_sequences/SalatStealer/SalatStealer_347_APIxTIME_16x16.png
SalatStealer,348,/home/jabir/Project/Preprocessing/Malware Reports/SalatStealer/348.zip,240,0.2970001697540283,dataset_api_call_sequences/SalatStealer/SalatStealer_348_APIxTIME_16x16.png
SalatStealer,349,/home/jabir/Project/Preprocessing/Malware Reports/SalatStealer/349.zip,240,0.17199993133544922,dataset_api_call_sequences/SalatStealer/SalatStealer_349_APIxTIME_16x16.png
SalatStealer,350,/home/jabir/Project/Preprocessing/Malware Reports/SalatStealer/350.zip,847,6.5,dataset_api_call_sequences/SalatStealer/SalatStealer_350_APIxTIME_16x16.png
SalatStealer,351,/home/jabir/Project/Preprocessing/Malware Reports/SalatStealer/351.zip,240,1.75,dataset_api_call_sequences/SalatStealer/SalatStealer_351_APIxTIME_16x16.png
SalatStealer,352,/home/jabir/Project/Preprocessing/Malware Reports/SalatStealer/352.zip,2355,430.19997906684875,dataset_api_call_sequences/SalatStealer/SalatStealer_352_APIxTIME_16x16.png
SalatStealer,353,/home/jabir/Project/Preprocessing/Malware Reports/SalatStealer/353.zip,240,0.15699982643127441,dataset_api_call_sequences/SalatStealer/SalatStealer_353_APIxTIME_16x16.png
SalatStealer,354,/home/jabir/Project/Preprocessing/Malware Reports/SalatStealer/354.zip,6286,15.610000133514404,dataset_api_call_sequences/SalatStealer/SalatStealer_354_APIxTIME_16x16.png
SalatStealer,355,/home/jabir/Project/Preprocessing/Malware Reports/SalatStealer/355.zip,6296,14.530999898910522,dataset_api_call_sequences/SalatStealer/SalatStealer_355_APIxTIME_16x16.png
SalatStealer,356,/home/jabir/Project/Preprocessing/Malware Reports/SalatStealer/356.zip,8574,16.014999866485596,dataset_api_call_sequences/SalatStealer/SalatStealer_356_APIxTIME_16x16.png
SalatStealer,357,/home/jabir/Project/Preprocessing/Malware Reports/SalatStealer/357.zip,6290,14.437000036239624,dataset_api_call_sequences/SalatStealer/SalatStealer_357_APIxTIME_16x16.png
SalatStealer,359,/home/jabir/Project/Preprocessing/Malware Reports/SalatStealer/359.zip,240,1.3589999675750732,dataset_api_call_sequences/SalatStealer/SalatStealer_359_APIxTIME_16x16.png
SalatStealer,360,/home/jabir/Project/Preprocessing/Malware Reports/SalatStealer/360.zip,240,0.20399999618530273,dataset_api_call_sequences/SalatStealer/SalatStealer_360_APIxTIME_16x16.png
SalatStealer,361,/home/jabir/Project/Preprocessing/Malware Reports/SalatStealer/361.zip,240,0.10899996757507324,dataset_api_call_sequences/SalatStealer/SalatStealer_361_APIxTIME_16x16.png
SalatStealer,363,/home/jabir/Project/Preprocessing/Malware Reports/SalatStealer/363.zip,6466,16.42199993133545,dataset_api_call_sequences/SalatStealer/SalatStealer_363_APIxTIME_16x16.png
SalatStealer,364,/home/jabir/Project/Preprocessing/Malware Reports/SalatStealer/364.zip,240,0.09400010108947754,dataset_api_call_sequences/SalatStealer/SalatStealer_364_APIxTIME_16x16.png
SalatStealer,367,/home/jabir/Project/Preprocessing/Malware Reports/SalatStealer/367.zip,179,1.4840002059936523,dataset_api_call_sequences/SalatStealer/SalatStealer_367_APIxTIME_16x16.png
SalatStealer,384,/home/jabir/Project/Preprocessing/Malware Reports/SalatStealer/384.zip,179,1.5940001010894775,dataset_api_call_sequences/SalatStealer/SalatStealer_384_APIxTIME_16x16.png
StealC,152,/home/jabir/Project/Preprocessing/Malware Reports/StealC/152.zip,785,26.983999967575073,dataset_api_call_sequences/StealC/StealC_152_APIxTIME_16x16.png
StealC,153,/home/jabir/Project/Preprocessing/Malware Reports/StealC/153.zip,16532,123.96799993515015,dataset_api_call_sequences/StealC/StealC_153_APIxTIME_16x16.png
StealC,154,/home/jabir/Project/Preprocessing/Malware Reports/StealC/154.zip,72,7.608999967575073,dataset_api_call_sequences/StealC/StealC_154_APIxTIME_16x16.png
StealC,155,/home/jabir/Project/Preprocessing/Malware Reports/StealC/155.zip,86,0.35899996757507324,dataset_api_call_sequences/StealC/StealC_155_APIxTIME_16x16.png
StealC,157,/home/jabir/Project/Preprocessing/Malware Reports/StealC/157.zip,82,0.10899996757507324,dataset_api_call_sequences/StealC/StealC_157_APIxTIME_16x16.png
StealC,158,/home/jabir/Project/Preprocessing/Malware Reports/StealC/158.zip,74,0.10899996757507324,dataset_api_call_sequences/StealC/StealC_158_APIxTIME_16x16.png
StealC,159,/home/jabir/Project/Preprocessing/Malware Reports/StealC/159.zip,40869,135.40599989891052,dataset_api_call_sequences/StealC/StealC_159_APIxTIME_16x16.png
StealC,160,/home/jabir/Project/Preprocessing/Malware Reports/StealC/160.zip,40511,139.42199993133545,dataset_api_call_sequences/StealC/StealC_160_APIxTIME_16x16.png
StealC,161,/home/jabir/Project/Preprocessing/Malware Reports/StealC/161.zip,1043,21425.735249996185,dataset_api_call_sequences/StealC/StealC_161_APIxTIME_16x16.png
StealC,162,/home/jabir/Project/Preprocessing/Malware Reports/StealC/162.zip,15605,21392.404875040054,dataset_api_call_sequences/StealC/StealC_162_APIxTIME_16x16.png
StealC,163,/home/jabir/Project/Preprocessing/Malware Reports/StealC/163.zip,434,1.1720001697540283,dataset_api_call_sequences/StealC/StealC_163_APIxTIME_16x16.png
StealC,164,/home/jabir/Project/Preprocessing/Malware Reports/StealC/164.zip,45,0.10899996757507324,dataset_api_call_sequences/StealC/StealC_164_APIxTIME_16x16.png
StealC,165,/home/jabir/Project/Preprocessing/Malware Reports/StealC/165.zip,45,0.03099989891052246,dataset_api_call_sequences/StealC/StealC_165_APIxTIME_16x16.png
StealC,166,/home/jabir/Project/Preprocessing/Malware Reports/StealC/166.zip,967,0.5470001697540283,dataset_api_call_sequences/StealC/StealC_166_APIxTIME_16x16.png
StealC,167,/home/jabir/Project/Preprocessing/Malware Reports/StealC/167.zip,45,0.03099989891052246,dataset_api_call_sequences/StealC/StealC_167_APIxTIME_16x16.png
StealC,168,/home/jabir/Project/Preprocessing/Malware Reports/StealC/168.zip,41,0.04699993133544922,dataset_api_call_sequences/StealC/StealC_168_APIxTIME_16x16.png
StealC,169,/home/jabir/Project/Preprocessing/Malware Reports/StealC/169.zip,1986,6.891000032424927,dataset_api_call_sequences/StealC/StealC_169_APIxTIME_16x16.png
StealC,170,/home/jabir/Project/Preprocessing/Malware Reports/StealC/170.zip,3368,69.73400020599365,dataset_api_call_sequences/StealC/StealC_170_APIxTIME_16x16.png
StealC,171,/home/jabir/Project/Preprocessing/Malware Reports/StealC/171.zip,926,9.139999866485596,dataset_api_call_sequences/StealC/StealC_171_APIxTIME_16x16.png
StealC,172,/home/jabir/Project/Preprocessing/Malware Reports/StealC/172.zip,117,0.7030000686645508,dataset_api_call_sequences/StealC/StealC_172_APIxTIME_16x16.png
StealC,176,/home/jabir/Project/Preprocessing/Malware Reports/StealC/176.zip,79,1.7649998664855957,dataset_api_call_sequences/StealC/StealC_176_APIxTIME_16x16.png
StealC,177,/home/jabir/Project/Preprocessing/Malware Reports/StealC/177.zip,79,0.3900001049041748,dataset_api_call_sequences/StealC/StealC_177_APIxTIME_16x16.png
StealC,178,/home/jabir/Project/Preprocessing/Malware Reports/StealC/178.zip,546,5.625,dataset_api_call_sequences/StealC/StealC_178_APIxTIME_16x16.png
StealC,179,/home/jabir/Project/Preprocessing/Malware Reports/StealC/179.zip,79,0.437999963760376,dataset_api_call_sequences/StealC/StealC_179_APIxTIME_16x16.png
StealC,180,/home/jabir/Project/Preprocessing/Malware Reports/StealC/180.zip,102,0.312999963760376,dataset_api_call_sequences/StealC/StealC_180_APIxTIME_16x16.png
StealC,181,/home/jabir/Project/Preprocessing/Malware Reports/StealC/181.zip,1114,9.218999862670898,dataset_api_call_sequences/StealC/StealC_181_APIxTIME_16x16.png
StealC,182,/home/jabir/Project/Preprocessing/Malware Reports/StealC/182.zip,966,8.406000137329102,dataset_api_call_sequences/StealC/StealC_182_APIxTIME_16x16.png
StealC,183,/home/jabir/Project/Preprocessing/Malware Reports/StealC/183.zip,29,0.5469999313354492,dataset_api_call_sequences/StealC/StealC_183_APIxTIME_16x16.png
StealC,184,/home/jabir/Project/Preprocessing/Malware Reports/StealC/184.zip,79,0.5160000324249268,dataset_api_call_sequences/StealC/StealC_184_APIxTIME_16x16.png
StealC,185,/home/jabir/Project/Preprocessing/Malware Reports/StealC/185.zip,79,0.6099998950958252,dataset_api_call_sequences/StealC/StealC_185_APIxTIME_16x16.png
StealC,186,/home/jabir/Project/Preprocessing/Malware Reports/StealC/186.zip,1074,8.67199993133545,dataset_api_call_sequences/StealC/StealC_186_APIxTIME_16x16.png
StealC,187,/home/jabir/Project/Preprocessing/Malware Reports/StealC/187.zip,102,0.14100003242492676,dataset_api_call_sequences/StealC/StealC_187_APIxTIME_16x16.png
StealC,188,/home/jabir/Project/Preprocessing/Malware Reports/StealC/188.zip,102,0.17199993133544922,dataset_api_call_sequences/StealC/StealC_188_APIxTIME_16x16.png
StealC,189,/home/jabir/Project/Preprocessing/Malware Reports/StealC/189.zip,1315,8.641000032424927,dataset_api_call_sequences/StealC/StealC_189_APIxTIME_16x16.png
StealC,190,/home/jabir/Project/Preprocessing/Malware Reports/StealC/190.zip,74,1.2960000038146973,dataset_api_call_sequences/StealC/StealC_190_APIxTIME_16x16.png
StealC,191,/home/jabir/Project/Preprocessing/Malware Reports/StealC/191.zip,1635,19.391000032424927,dataset_api_call_sequences/StealC/StealC_191_APIxTIME_16x16.png
StealC,192,/home/jabir/Project/Preprocessing/Malware Reports/StealC/192.zip,606,6.406000137329102,dataset_api_call_sequences/StealC/StealC_192_APIxTIME_16x16.png
StealC,193,/home/jabir/Project/Preprocessing/Malware Reports/StealC/193.zip,74,0.2649998664855957,dataset_api_call_sequences/StealC/StealC_193_APIxTIME_16x16.png
StealC,194,/home/jabir/Project/Preprocessing/Malware Reports/StealC/194.zip,74,0.125,dataset_api_call_sequences/StealC/StealC_194_APIxTIME_16x16.png
StealC,195,/home/jabir/Project/Preprocessing/Malware Reports/StealC/195.zip,1250,8.640999794006348,dataset_api_call_sequences/StealC/StealC_195_APIxTIME_16x16.png
StealC,196,/home/jabir/Project/Preprocessing/Malware Reports/StealC/196.zip,74,0.09399986267089844,dataset_api_call_sequences/StealC/StealC_196_APIxTIME_16x16.png
StealC,197,/home/jabir/Project/Preprocessing/Malware Reports/StealC/197.zip,74,0.04699993133544922,dataset_api_call_sequences/StealC/StealC_197_APIxTIME_16x16.png
StealC,198,/home/jabir/Project/Preprocessing/Malware Reports/StealC/198.zip,74,0.10899996757507324,dataset_api_call_sequences/StealC/StealC_198_APIxTIME_16x16.png
StealC,199,/home/jabir/Project/Preprocessing/Malware Reports/StealC/199.zip,26,0.015000104904174805,dataset_api_call_sequences/StealC/StealC_199_APIxTIME_16x16.png
StealC,200,/home/jabir/Project/Preprocessing/Malware Reports/StealC/200.zip,26,0.016000032424926758,dataset_api_call_sequences/StealC/StealC_200_APIxTIME_16x16.png
StealC,201,/home/jabir/Project/Preprocessing/Malware Reports/StealC/201.zip,30,0.015000104904174805,dataset_api_call_sequences/StealC/StealC_201_APIxTIME_16x16.png
StealC,204,/home/jabir/Project/Preprocessing/Malware Reports/StealC/204.zip,74,1.1399998664855957,dataset_api_call_sequences/StealC/StealC_204_APIxTIME_16x16.png
StealC,205,/home/jabir/Project/Preprocessing/Malware Reports/StealC/205.zip,74,0.3900001049041748,dataset_api_call_sequences/StealC/StealC_205_APIxTIME_16x16.png
StealC,206,/home/jabir/Project/Preprocessing/Malware Reports/StealC/206.zip,439,6.483999967575073,dataset_api_call_sequences/StealC/StealC_206_APIxTIME_16x16.png
StealC,207,/home/jabir/Project/Preprocessing/Malware Reports/StealC/207.zip,62,10.234999895095825,dataset_api_call_sequences/StealC/StealC_207_APIxTIME_16x16.png
StealC,208,/home/jabir/Project/Preprocessing/Malware Reports/StealC/208.zip,1174,8.75,dataset_api_call_sequences/StealC/StealC_208_APIxTIME_16x16.png
StealC,209,/home/jabir/Project/Preprocessing/Malware Reports/StealC/209.zip,74,0.2820000648498535,dataset_api_call_sequences/StealC/StealC_209_APIxTIME_16x16.png
StealC,210,/home/jabir/Project/Preprocessing/Malware Reports/StealC/210.zip,857,0.5780000686645508,dataset_api_call_sequences/StealC/StealC_210_APIxTIME_16x16.png
StealC,213,/home/jabir/Project/Preprocessing/Malware Reports/StealC/213.zip,1073,8.656000137329102,dataset_api_call_sequences/StealC/StealC_213_APIxTIME_16x16.png
StealC,214,/home/jabir/Project/Preprocessing/Malware Reports/StealC/214.zip,74,0.07800006866455078,dataset_api_call_sequences/StealC/StealC_214_APIxTIME_16x16.png
StealC,215,/home/jabir/Project/Preprocessing/Malware Reports/StealC/215.zip,74,0.07800006866455078,dataset_api_call_sequences/StealC/StealC_215_APIxTIME_16x16.png
StealC,216,/home/jabir/Project/Preprocessing/Malware Reports/StealC/216.zip,4899,0.7189998626708984,dataset_api_call_sequences/StealC/StealC_216_APIxTIME_16x16.png
StealC,217,/home/jabir/Project/Preprocessing/Malware Reports/StealC/217.zip,4807,0.625,dataset_api_call_sequences/StealC/StealC_217_APIxTIME_16x16.png
StealC,218,/home/jabir/Project/Preprocessing/Malware Reports/StealC/218.zip,10,6.812000036239624,dataset_api_call_sequences/StealC/StealC_218_APIxTIME_16x16.png
StealC,219,/home/jabir/Project/Preprocessing/Malware Reports/StealC/219.zip,120,13.530999898910522,dataset_api_call_sequences/StealC/StealC_219_APIxTIME_16x16.png
StealC,220,/home/jabir/Project/Preprocessing/Malware Reports/StealC/220.zip,120,13.702999830245972,dataset_api_call_sequences/StealC/StealC_220_APIxTIME_16x16.png
StealC,221,/home/jabir/Project/Preprocessing/Malware Reports/StealC/221.zip,229,0.4070000648498535,dataset_api_call_sequences/StealC/StealC_221_APIxTIME_16x16.png
StealC,223,/home/jabir/Project/Preprocessing/Malware Reports/StealC/223.zip,49,0.17100000381469727,dataset_api_call_sequences/StealC/StealC_223_APIxTIME_16x16.png
StealC,224,/home/jabir/Project/Preprocessing/Malware Reports/StealC/224.zip,49,0.07799983024597168,dataset_api_call_sequences/StealC/StealC_224_APIxTIME_16x16.png
StealC,225,/home/jabir/Project/Preprocessing/Malware Reports/StealC/225.zip,49,0.14100003242492676,dataset_api_call_sequences/StealC/StealC_225_APIxTIME_16x16.png
StealC,226,/home/jabir/Project/Preprocessing/Malware Reports/StealC/226.zip,49,0.5149998664855957,dataset_api_call_sequences/StealC/StealC_226_APIxTIME_16x16.png
StealC,227,/home/jabir/Project/Preprocessing/Malware Reports/StealC/227.zip,49,0.5460000038146973,dataset_api_call_sequences/StealC/StealC_227_APIxTIME_16x16.png
StealC,228,/home/jabir/Project/Preprocessing/Malware Reports/StealC/228.zip,49,1.0150001049041748,dataset_api_call_sequences/StealC/StealC_228_APIxTIME_16x16.png
StealC,229,/home/jabir/Project/Preprocessing/Malware Reports/StealC/229.zip,49,0.25,dataset_api_call_sequences/StealC/StealC_229_APIxTIME_16x16.png
StealC,230,/home/jabir/Project/Preprocessing/Malware Reports/StealC/230.zip,49,0.18700003623962402,dataset_api_call_sequences/StealC/StealC_230_APIxTIME_16x16.png
StealC,231,/home/jabir/Project/Preprocessing/Malware Reports/StealC/231.zip,106,0.17199993133544922,dataset_api_call_sequences/StealC/StealC_231_APIxTIME_16x16.png
StealC,232,/home/jabir/Project/Preprocessing/Malware Reports/StealC/232.zip,49,0.125,dataset_api_call_sequences/StealC/StealC_232_APIxTIME_16x16.png
StealC,233,/home/jabir/Project/Preprocessing/Malware Reports/StealC/233.zip,49,0.17199993133544922,dataset_api_call_sequences/StealC/StealC_233_APIxTIME_16x16.png
StealC,234,/home/jabir/Project/Preprocessing/Malware Reports/StealC/234.zip,49,0.20300006866455078,dataset_api_call_sequences/StealC/StealC_234_APIxTIME_16x16.png
StealC,237,/home/jabir/Project/Preprocessing/Malware Reports/StealC/237.zip,49,2.296999931335449,dataset_api_call_sequences/StealC/StealC_237_APIxTIME_16x16.png
StealC,238,/home/jabir/Project/Preprocessing/Malware Reports/StealC/238.zip,49,1.3910000324249268,dataset_api_call_sequences/StealC/StealC_238_APIxTIME_16x16.png
StealC,239,/home/jabir/Project/Preprocessing/Malware Reports/StealC/239.zip,49,0.687000036239624,dataset_api_call_sequences/StealC/StealC_239_APIxTIME_16x16.png
StealC,240,/home/jabir/Project/Preprocessing/Malware Reports/StealC/240.zip,49,0.375,dataset_api_call_sequences/StealC/StealC_240_APIxTIME_16x16.png
StealC,241,/home/jabir/Project/Preprocessing/Malware Reports/StealC/241.zip,49,0.312000036239624,dataset_api_call_sequences/StealC/StealC_241_APIxTIME_16x16.png
StealC,242,/home/jabir/Project/Preprocessing/Malware Reports/StealC/242.zip,105,0.5150001049041748,dataset_api_call_sequences/StealC/StealC_242_APIxTIME_16x16.png
StealC,243,/home/jabir/Project/Preprocessing/Malware Reports/StealC/243.zip,49,0.29600000381469727,dataset_api_call_sequences/StealC/StealC_243_APIxTIME_16x16.png
StealC,244,/home/jabir/Project/Preprocessing/Malware Reports/StealC/244.zip,49,0.07800006866455078,dataset_api_call_sequences/StealC/StealC_244_APIxTIME_16x16.png
StealC,245,/home/jabir/Project/Preprocessing/Malware Reports/StealC/245.zip,49,0.10899996757507324,dataset_api_call_sequences/StealC/StealC_245_APIxTIME_16x16.png
StealC,246,/home/jabir/Project/Preprocessing/Malware Reports/StealC/246.zip,49,3.187000036239624,dataset_api_call_sequences/StealC/StealC_246_APIxTIME_16x16.png
StealC,247,/home/jabir/Project/Preprocessing/Malware Reports/StealC/247.zip,49,0.7820000648498535,dataset_api_call_sequences/StealC/StealC_247_APIxTIME_16x16.png
StealC,248,/home/jabir/Project/Preprocessing/Malware Reports/StealC/248.zip,108,0.6569998264312744,dataset_api_call_sequences/StealC/StealC_248_APIxTIME_16x16.png
StealC,249,/home/jabir/Project/Preprocessing/Malware Reports/StealC/249.zip,49,0.48399996757507324,dataset_api_call_sequences/StealC/StealC_249_APIxTIME_16x16.png
StealC,250,/home/jabir/Project/Preprocessing/Malware Reports/StealC/250.zip,49,0.15599989891052246,dataset_api_call_sequences/StealC/StealC_250_APIxTIME_16x16.png
StealC,251,/home/jabir/Project/Preprocessing/Malware Reports/StealC/251.zip,105,0.1399998664855957,dataset_api_call_sequences/StealC/StealC_251_APIxTIME_16x16.png
StealC,252,/home/jabir/Project/Preprocessing/Malware Reports/StealC/252.zip,49,0.1399998664855957,dataset_api_call_sequences/StealC/StealC_252_APIxTIME_16x16.png
StealC,253,/home/jabir/Project/Preprocessing/Malware Reports/StealC/253.zip,692,0.25,dataset_api_call_sequences/StealC/StealC_253_APIxTIME_16x16.png
StealC,255,/home/jabir/Project/Preprocessing/Malware Reports/StealC/255.zip,49,0.125,dataset_api_call_sequences/StealC/StealC_255_APIxTIME_16x16.png
StealC,256,/home/jabir/Project/Preprocessing/Malware Reports/StealC/256.zip,106,0.09400010108947754,dataset_api_call_sequences/StealC/StealC_256_APIxTIME_16x16.png
StealC,257,/home/jabir/Project/Preprocessing/Malware Reports/StealC/257.zip,650,0.6400001049041748,dataset_api_call_sequences/StealC/StealC_257_APIxTIME_16x16.png
StealC,258,/home/jabir/Project/Preprocessing/Malware Reports/StealC/258.zip,649,0.375,dataset_api_call_sequences/StealC/StealC_258_APIxTIME_16x16.png
StealC,259,/home/jabir/Project/Preprocessing/Malware Reports/StealC/259.zip,77,0.10899996757507324,dataset_api_call_sequences/StealC/StealC_259_APIxTIME_16x16.png
StealC,260,/home/jabir/Project/Preprocessing/Malware Reports/StealC/260.zip,77,0.25,dataset_api_call_sequences/StealC/StealC_260_APIxTIME_16x16.png
StealC,261,/home/jabir/Project/Preprocessing/Malware Reports/StealC/261.zip,651,0.17200016975402832,dataset_api_call_sequences/StealC/StealC_261_APIxTIME_16x16.png
StealC,262,/home/jabir/Project/Preprocessing/Malware Reports/StealC/262.zip,74,0.07800006866455078,dataset_api_call_sequences/StealC/StealC_262_APIxTIME_16x16.png
StealC,383,/home/jabir/Project/Preprocessing/Malware Reports/StealC/383.zip,232,0.06200003623962402,dataset_api_call_sequences/StealC/StealC_383_APIxTIME_16x16.png
Vidar,1,/home/jabir/Project/Preprocessing/Malware Reports/Vidar/1.zip,75,4.375,dataset_api_call_sequences/Vidar/Vidar_1_APIxTIME_16x16.png
Vidar,10,/home/jabir/Project/Preprocessing/Malware Reports/Vidar/10.zip,10,0.20300006866455078,dataset_api_call_sequences/Vidar/Vidar_10_APIxTIME_16x16.png
Vidar,100,/home/jabir/Project/Preprocessing/Malware Reports/Vidar/100.zip,324,3.187000036239624,dataset_api_call_sequences/Vidar/Vidar_100_APIxTIME_16x16.png
Vidar,101,/home/jabir/Project/Preprocessing/Malware Reports/Vidar/101.zip,323,2.2649998664855957,dataset_api_call_sequences/Vidar/Vidar_101_APIxTIME_16x16.png
Vidar,102,/home/jabir/Project/Preprocessing/Malware Reports/Vidar/102.zip,339,2.703000068664551,dataset_api_call_sequences/Vidar/Vidar_102_APIxTIME_16x16.png
Vidar,104,/home/jabir/Project/Preprocessing/Malware Reports/Vidar/104.zip,323,2.563000202178955,dataset_api_call_sequences/Vidar/Vidar_104_APIxTIME_16x16.png
Vidar,105,/home/jabir/Project/Preprocessing/Malware Reports/Vidar/105.zip,829,98.4060001373291,dataset_api_call_sequences/Vidar/Vidar_105_APIxTIME_16x16.png
Vidar,106,/home/jabir/Project/Preprocessing/Malware Reports/Vidar/106.zip,830,33.2189998626709,dataset_api_call_sequences/Vidar/Vidar_106_APIxTIME_16x16.png
Vidar,11,/home/jabir/Project/Preprocessing/Malware Reports/Vidar/11.zip,10,0.031000137329101562,dataset_api_call_sequences/Vidar/Vidar_11_APIxTIME_16x16.png
Vidar,12,/home/jabir/Project/Preprocessing/Malware Reports/Vidar/12.zip,10,0.07899999618530273,dataset_api_call_sequences/Vidar/Vidar_12_APIxTIME_16x16.png
Vidar,13,/home/jabir/Project/Preprocessing/Malware Reports/Vidar/13.zip,197,102.32800006866455,dataset_api_call_sequences/Vidar/Vidar_13_APIxTIME_16x16.png
Vidar,15,/home/jabir/Project/Preprocessing/Malware Reports/Vidar/15.zip,71,3.7339999675750732,dataset_api_call_sequences/Vidar/Vidar_15_APIxTIME_16x16.png
Vidar,16,/home/jabir/Project/Preprocessing/Malware Reports/Vidar/16.zip,912,116.65700006484985,dataset_api_call_sequences/Vidar/Vidar_16_APIxTIME_16x16.png
Vidar,17,/home/jabir/Project/Preprocessing/Malware Reports/Vidar/17.zip,10,0.04699993133544922,dataset_api_call_sequences/Vidar/Vidar_17_APIxTIME_16x16.png
Vidar,18,/home/jabir/Project/Preprocessing/Malware Reports/Vidar/18.zip,74,2.4220001697540283,dataset_api_call_sequences/Vidar/Vidar_18_APIxTIME_16x16.png
Vidar,19,/home/jabir/Project/Preprocessing/Malware Reports/Vidar/19.zip,212,0.4850001335144043,dataset_api_call_sequences/Vidar/Vidar_19_APIxTIME_16x16.png
Vidar,2,/home/jabir/Project/Preprocessing/Malware Reports/Vidar/2.zip,71,3.625,dataset_api_call_sequences/Vidar/Vidar_2_APIxTIME_16x16.png
Vidar,20,/home/jabir/Project/Preprocessing/Malware Reports/Vidar/20.zip,77,67.53200006484985,dataset_api_call_sequences/Vidar/Vidar_20_APIxTIME_16x16.png
Vidar,21,/home/jabir/Project/Preprocessing/Malware Reports/Vidar/21.zip,10,0.125,dataset_api_call_sequences/Vidar/Vidar_21_APIxTIME_16x16.png
Vidar,22,/home/jabir/Project/Preprocessing/Malware Reports/Vidar/22.zip,10,0.09299993515014648,dataset_api_call_sequences/Vidar/Vidar_22_APIxTIME_16x16.png
Vidar,23,/home/jabir/Project/Preprocessing/Malware Reports/Vidar/23.zip,10,0.10899996757507324,dataset_api_call_sequences/Vidar/Vidar_23_APIxTIME_16x16.png
Vidar,24,/home/jabir/Project/Preprocessing/Malware Reports/Vidar/24.zip,10,0.06300020217895508,dataset_api_call_sequences/Vidar/Vidar_24_APIxTIME_16x16.png
Vidar,25,/home/jabir/Project/Preprocessing/Malware Reports/Vidar/25.zip,10,0.07800006866455078,dataset_api_call_sequences/Vidar/Vidar_25_APIxTIME_16x16.png
Vidar,27,/home/jabir/Project/Preprocessing/Malware Reports/Vidar/27.zip,38,0.25,dataset_api_call_sequences/Vidar/Vidar_27_APIxTIME_16x16.png
Vidar,28,/home/jabir/Project/Preprocessing/Malware Reports/Vidar/28.zip,475,2.875,dataset_api_call_sequences/Vidar/Vidar_28_APIxTIME_16x16.png
Vidar,29,/home/jabir/Project/Preprocessing/Malware Reports/Vidar/29.zip,79,68.2810001373291,dataset_api_call_sequences/Vidar/Vidar_29_APIxTIME_16x16.png
Vidar,3,/home/jabir/Project/Preprocessing/Malware Reports/Vidar/3.zip,1052,69.64100003242493,dataset_api_call_sequences/Vidar/Vidar_3_APIxTIME_16x16.png
Vidar,30,/home/jabir/Project/Preprocessing/Malware Reports/Vidar/30.zip,80,91.04699993133545,dataset_api_call_sequences/Vidar/Vidar_30_APIxTIME_16x16.png
Vidar,31,/home/jabir/Project/Preprocessing/Malware Reports/Vidar/31.zip,32,5.437000036239624,dataset_api_call_sequences/Vidar/Vidar_31_APIxTIME_16x16.png
Vidar,32,/home/jabir/Project/Preprocessing/Malware Reports/Vidar/32.zip,78,61.64100003242493,dataset_api_call_sequences/Vidar/Vidar_32_APIxTIME_16x16.png
Vidar,33,/home/jabir/Project/Preprocessing/Malware Reports/Vidar/33.zip,81,105.5939998626709,dataset_api_call_sequences/Vidar/Vidar_33_APIxTIME_16x16.png
Vidar,34,/home/jabir/Project/Preprocessing/Malware Reports/Vidar/34.zip,78,67.7810001373291,dataset_api_call_sequences/Vidar/Vidar_34_APIxTIME_16x16.png
Vidar,35,/home/jabir/Project/Preprocessing/Malware Reports/Vidar/35.zip,76,52.09299993515015,dataset_api_call_sequences/Vidar/Vidar_35_APIxTIME_16x16.png
Vidar,36,/home/jabir/Project/Preprocessing/Malware Reports/Vidar/36.zip,81,80.04699993133545,dataset_api_call_sequences/Vidar/Vidar_36_APIxTIME_16x16.png
Vidar,37,/home/jabir/Project/Preprocessing/Malware Reports/Vidar/37.zip,81,71.32800006866455,dataset_api_call_sequences/Vidar/Vidar_37_APIxTIME_16x16.png
Vidar,379,/home/jabir/Project/Preprocessing/Malware Reports/Vidar/379.zip,90,0.2969999313354492,dataset_api_call_sequences/Vidar/Vidar_379_APIxTIME_16x16.png
Vidar,38,/home/jabir/Project/Preprocessing/Malware Reports/Vidar/38.zip,77,90.98399996757507,dataset_api_call_sequences/Vidar/Vidar_38_APIxTIME_16x16.png
Vidar,380,/home/jabir/Project/Preprocessing/Malware Reports/Vidar/380.zip,110,0.21899986267089844,dataset_api_call_sequences/Vidar/Vidar_380_APIxTIME_16x16.png
Vidar,381,/home/jabir/Project/Preprocessing/Malware Reports/Vidar/381.zip,110,0.09399986267089844,dataset_api_call_sequences/Vidar/Vidar_381_APIxTIME_16x16.png
Vidar,382,/home/jabir/Project/Preprocessing/Malware Reports/Vidar/382.zip,90,0.125,dataset_api_call_sequences/Vidar/Vidar_382_APIxTIME_16x16.png
Vidar,39,/home/jabir/Project/Preprocessing/Malware Reports/Vidar/39.zip,185,89.95300006866455,dataset_api_call_sequences/Vidar/Vidar_39_APIxTIME_16x16.png
Vidar,4,/home/jabir/Project/Preprocessing/Malware Reports/Vidar/4.zip,10,0.06299996376037598,dataset_api_call_sequences/Vidar/Vidar_4_APIxTIME_16x16.png
Vidar,40,/home/jabir/Project/Preprocessing/Malware Reports/Vidar/40.zip,185,93.98400020599365,dataset_api_call_sequences/Vidar/Vidar_40_APIxTIME_16x16.png
Vidar,41,/home/jabir/Project/Preprocessing/Malware Reports/Vidar/41.zip,184,77.31200003623962,dataset_api_call_sequences/Vidar/Vidar_41_APIxTIME_16x16.png
Vidar,42,/home/jabir/Project/Preprocessing/Malware Reports/Vidar/42.zip,187,94.26600003242493,dataset_api_call_sequences/Vidar/Vidar_42_APIxTIME_16x16.png
Vidar,43,/home/jabir/Project/Preprocessing/Malware Reports/Vidar/43.zip,185,58.39100003242493,dataset_api_call_sequences/Vidar/Vidar_43_APIxTIME_16x16.png
Vidar,44,/home/jabir/Project/Preprocessing/Malware Reports/Vidar/44.zip,862,7.266000032424927,dataset_api_call_sequences/Vidar/Vidar_44_APIxTIME_16x16.png
Vidar,45,/home/jabir/Project/Preprocessing/Malware Reports/Vidar/45.zip,117,5.0,dataset_api_call_sequences/Vidar/Vidar_45_APIxTIME_16x16.png
Vidar,46,/home/jabir/Project/Preprocessing/Malware Reports/Vidar/46.zip,89,0.6719999313354492,dataset_api_call_sequences/Vidar/Vidar_46_APIxTIME_16x16.png
Vidar,47,/home/jabir/Project/Preprocessing/Malware Reports/Vidar/47.zip,117,0.625,dataset_api_call_sequences/Vidar/Vidar_47_APIxTIME_16x16.png
Vidar,48,/home/jabir/Project/Preprocessing/Malware Reports/Vidar/48.zip,588,0.562000036239624,dataset_api_call_sequences/Vidar/Vidar_48_APIxTIME_16x16.png
Vidar,49,/home/jabir/Project/Preprocessing/Malware Reports/Vidar/49.zip,401,0.2350001335144043,dataset_api_call_sequences/Vidar/Vidar_49_APIxTIME_16x16.png
Vidar,5,/home/jabir/Project/Preprocessing/Malware Reports/Vidar/5.zip,75,1.6099998950958252,dataset_api_call_sequences/Vidar/Vidar_5_APIxTIME_16x16.png
Vidar,50,/home/jabir/Project/Preprocessing/Malware Reports/Vidar/50.zip,883,0.4679999351501465,dataset_api_call_sequences/Vidar/Vidar_50_APIxTIME_16x16.png
Vidar,51,/home/jabir/Project/Preprocessing/Malware Reports/Vidar/51.zip,396,1.2030000686645508,dataset_api_call_sequences/Vidar/Vidar_51_APIxTIME_16x16.png
Vidar,52,/home/jabir/Project/Preprocessing/Malware Reports/Vidar/52.zip,812,3.6409997940063477,dataset_api_call_sequences/Vidar/Vidar_52_APIxTIME_16x16.png
Vidar,53,/home/jabir/Project/Preprocessing/Malware Reports/Vidar/53.zip,3206,71.45299983024597,dataset_api_call_sequences/Vidar/Vidar_53_APIxTIME_16x16.png
Vidar,54,/home/jabir/Project/Preprocessing/Malware Reports/Vidar/54.zip,1084,73.64000010490417,dataset_api_call_sequences/Vidar/Vidar_54_APIxTIME_16x16.png
Vidar,55,/home/jabir/Project/Preprocessing/Malware Reports/Vidar/55.zip,238,0.25,dataset_api_call_sequences/Vidar/Vidar_55_APIxTIME_16x16.png
Vidar,56,/home/jabir/Project/Preprocessing/Malware Reports/Vidar/56.zip,138,0.875,dataset_api_call_sequences/Vidar/Vidar_56_APIxTIME_16x16.png
Vidar,57,/home/jabir/Project/Preprocessing/Malware Reports/Vidar/57.zip,138,0.8440001010894775,dataset_api_call_sequences/Vidar/Vidar_57_APIxTIME_16x16.png
Vidar,58,/home/jabir/Project/Preprocessing/Malware Reports/Vidar/58.zip,117,0.4219999313354492,dataset_api_call_sequences/Vidar/Vidar_58_APIxTIME_16x16.png
Vidar,59,/home/jabir/Project/Preprocessing/Malware Reports/Vidar/59.zip,110,0.25,dataset_api_call_sequences/Vidar/Vidar_59_APIxTIME_16x16.png
Vidar,6,/home/jabir/Project/Preprocessing/Malware Reports/Vidar/6.zip,940,51.07799983024597,dataset_api_call_sequences/Vidar/Vidar_6_APIxTIME_16x16.png
Vidar,60,/home/jabir/Project/Preprocessing/Malware Reports/Vidar/60.zip,195,1.812999963760376,dataset_api_call_sequences/Vidar/Vidar_60_APIxTIME_16x16.png
Vidar,61,/home/jabir/Project/Preprocessing/Malware Reports/Vidar/61.zip,178,4.5929999351501465,dataset_api_call_sequences/Vidar/Vidar_61_APIxTIME_16x16.png
Vidar,62,/home/jabir/Project/Preprocessing/Malware Reports/Vidar/62.zip,988,7.0,dataset_api_call_sequences/Vidar/Vidar_62_APIxTIME_16x16.png
Vidar,63,/home/jabir/Project/Preprocessing/Malware Reports/Vidar/63.zip,117,1.0319998264312744,dataset_api_call_sequences/Vidar/Vidar_63_APIxTIME_16x16.png
Vidar,64,/home/jabir/Project/Preprocessing/Malware Reports/Vidar/64.zip,117,1.3439998626708984,dataset_api_call_sequences/Vidar/Vidar_64_APIxTIME_16x16.png
Vidar,65,/home/jabir/Project/Preprocessing/Malware Reports/Vidar/65.zip,117,0.39100003242492676,dataset_api_call_sequences/Vidar/Vidar_65_APIxTIME_16x16.png
Vidar,66,/home/jabir/Project/Preprocessing/Malware Reports/Vidar/66.zip,89,0.21799993515014648,dataset_api_call_sequences/Vidar/Vidar_66_APIxTIME_16x16.png
Vidar,67,/home/jabir/Project/Preprocessing/Malware Reports/Vidar/67.zip,117,0.20300006866455078,dataset_api_call_sequences/Vidar/Vidar_67_APIxTIME_16x16.png
Vidar,68,/home/jabir/Project/Preprocessing/Malware Reports/Vidar/68.zip,110,0.17100000381469727,dataset_api_call_sequences/Vidar/Vidar_68_APIxTIME_16x16.png
Vidar,7,/home/jabir/Project/Preprocessing/Malware Reports/Vidar/7.zip,81,102.06299996376038,dataset_api_call_sequences/Vidar/Vidar_7_APIxTIME_16x16.png
Vidar,70,/home/jabir/Project/Preprocessing/Malware Reports/Vidar/70.zip,10,0.18699979782104492,dataset_api_call_sequences/Vidar/Vidar_70_APIxTIME_16x16.png
Vidar,72,/home/jabir/Project/Preprocessing/Malware Reports/Vidar/72.zip,69,0.20399999618530273,dataset_api_call_sequences/Vidar/Vidar_72_APIxTIME_16x16.png
Vidar,73,/home/jabir/Project/Preprocessing/Malware Reports/Vidar/73.zip,138,0.17199993133544922,dataset_api_call_sequences/Vidar/Vidar_73_APIxTIME_16x16.png
Vidar,74,/home/jabir/Project/Preprocessing/Malware Reports/Vidar/74.zip,69,0.1400001049041748,dataset_api_call_sequences/Vidar/Vidar_74_APIxTIME_16x16.png
Vidar,75,/home/jabir/Project/Preprocessing/Malware Reports/Vidar/75.zip,90,0.15599989891052246,dataset_api_call_sequences/Vidar/Vidar_75_APIxTIME_16x16.png
Vidar,76,/home/jabir/Project/Preprocessing/Malware Reports/Vidar/76.zip,10,0.032000064849853516,dataset_api_call_sequences/Vidar/Vidar_76_APIxTIME_16x16.png
Vidar,77,/home/jabir/Project/Preprocessing/Malware Reports/Vidar/77.zip,10,0.09400010108947754,dataset_api_call_sequences/Vidar/Vidar_77_APIxTIME_16x16.png
Vidar,78,/home/jabir/Project/Preprocessing/Malware Reports/Vidar/78.zip,72,1.6410000324249268,dataset_api_call_sequences/Vidar/Vidar_78_APIxTIME_16x16.png
Vidar,79,/home/jabir/Project/Preprocessing/Malware Reports/Vidar/79.zip,10,0.06300020217895508,dataset_api_call_sequences/Vidar/Vidar_79_APIxTIME_16x16.png
Vidar,8,/home/jabir/Project/Preprocessing/Malware Reports/Vidar/8.zip,10,0.1100001335144043,dataset_api_call_sequences/Vidar/Vidar_8_APIxTIME_16x16.png
Vidar,80,/home/jabir/Project/Preprocessing/Malware Reports/Vidar/80.zip,10,0.04699993133544922,dataset_api_call_sequences/Vidar/Vidar_80_APIxTIME_16x16.png
Vidar,81,/home/jabir/Project/Preprocessing/Malware Reports/Vidar/81.zip,10,0.04700016975402832,dataset_api_call_sequences/Vidar/Vidar_81_APIxTIME_16x16.png
Vidar,82,/home/jabir/Project/Preprocessing/Malware Reports/Vidar/82.zip,74,2.5310001373291016,dataset_api_call_sequences/Vidar/Vidar_82_APIxTIME_16x16.png
Vidar,83,/home/jabir/Project/Preprocessing/Malware Reports/Vidar/83.zip,782,6.7809998989105225,dataset_api_call_sequences/Vidar/Vidar_83_APIxTIME_16x16.png
Vidar,84,/home/jabir/Project/Preprocessing/Malware Reports/Vidar/84.zip,791,102.375,dataset_api_call_sequences/Vidar/Vidar_84_APIxTIME_16x16.png
Vidar,85,/home/jabir/Project/Preprocessing/Malware Reports/Vidar/85.zip,792,106.43699979782104,dataset_api_call_sequences/Vidar/Vidar_85_APIxTIME_16x16.png
Vidar,88,/home/jabir/Project/Preprocessing/Malware Reports/Vidar/88.zip,191,98.73399996757507,dataset_api_call_sequences/Vidar/Vidar_88_APIxTIME_16x16.png
Vidar,9,/home/jabir/Project/Preprocessing/Malware Reports/Vidar/9.zip,10,0.17199993133544922,dataset_api_call_sequences/Vidar/Vidar_9_APIxTIME_16x16.png
Vidar,90,/home/jabir/Project/Preprocessing/Malware Reports/Vidar/90.zip,275,81.59299993515015,dataset_api_call_sequences/Vidar/Vidar_90_APIxTIME_16x16.png
Vidar,91,/home/jabir/Project/Preprocessing/Malware Reports/Vidar/91.zip,323,2.125,dataset_api_call_sequences/Vidar/Vidar_91_APIxTIME_16x16.png
Vidar,92,/home/jabir/Project/Preprocessing/Malware Reports/Vidar/92.zip,323,2.7179999351501465,dataset_api_call_sequences/Vidar/Vidar_92_APIxTIME_16x16.png
Vidar,93,/home/jabir/Project/Preprocessing/Malware Reports/Vidar/93.zip,323,2.937999963760376,dataset_api_call_sequences/Vidar/Vidar_93_APIxTIME_16x16.png
Vidar,94,/home/jabir/Project/Preprocessing/Malware Reports/Vidar/94.zip,324,2.437999963760376,dataset_api_call_sequences/Vidar/Vidar_94_APIxTIME_16x16.png
Vidar,96,/home/jabir/Project/Preprocessing/Malware Reports/Vidar/96.zip,829,97.32800006866455,dataset_api_call_sequences/Vidar/Vidar_96_APIxTIME_16x16.png
Vidar,97,/home/jabir/Project/Preprocessing/Malware Reports/Vidar/97.zip,842,101.875,dataset_api_call_sequences/Vidar/Vidar_97_APIxTIME_16x16.png
Vidar,98,/home/jabir/Project/Preprocessing/Malware Reports/Vidar/98.zip,195,102.1560001373291,dataset_api_call_sequences/Vidar/Vidar_98_APIxTIME_16x16.png
