scenario,channel,defense,n_runs,seeds,clean_accuracy_mean,clean_accuracy_std,clean_macro_f1_mean,clean_macro_f1_std,asr_mean,asr_std
backdoor_multi_krum,blue,multi_krum,3,42;123;2026,0.8177777777777778,0.015396007178389992,0.8184343066380297,0.01349510966909407,0.5111111111111111,0.4286067004885758
backdoor_multi_krum,full,multi_krum,3,42;123;2026,0.7955555555555556,0.04073400617738523,0.7931191525896754,0.04272021392525473,0.6,0.34641016151377546
backdoor_no_defense,blue,fedavg,3,42;123;2026,0.8311111111111111,0.053886025124365085,0.8319806042657141,0.053920595975948706,1.0,0.0
backdoor_no_defense,full,fedavg,3,42;123;2026,0.8266666666666667,0.06110100926607786,0.8261969321522092,0.06209704456591958,1.0,0.0
fl_clean,none,none,3,42;123;2026,0.8266666666666667,0.013333333333333308,0.8255105788003453,0.010453150360217465,,
trigger_control_clean_model,blue,none,3,42;123;2026,0.8266666666666667,0.013333333333333308,0.8255105788003453,0.010453150360217465,0.13333333333333333,0.11547005383792515
trigger_control_clean_model,full,none,3,42;123;2026,0.8266666666666667,0.013333333333333308,0.8255105788003453,0.010453150360217465,0.15555555555555556,0.10183501544346311
trigger_control_clean_model,green,none,1,42,0.8266666666666667,0.0,0.8263636363636364,0.0,0.26666666666666666,0.0
trigger_control_clean_model,red,none,1,42,0.8266666666666667,0.0,0.8263636363636364,0.0,0.26666666666666666,0.0
